<?xml version="1.0" encoding="UTF-8" standalone="yes"?>
<taskReportHaul xmlns:a="http://www.appian.com/ae/types/2009">
    <taskReport name="My Current Tasks" a:uuid="000ee930-9892-4c86-adae-deb7f15d29e3">
        <a:description>A detailed view of the current user's tasks</a:description>
        <a:uiExpr>#&quot;4594a8aa-6b04-4f3f-a0e3-10450ee43cd2&quot;()</a:uiExpr>
        <a:urlStub>CnILkg</a:urlStub>
    </taskReport>
    <roleMap>
        <role name="report_administrator">
            <users/>
            <groups>
                <groupUuid>_e-0000d9c4-bcae-8000-9aee-01075c01075c_17</groupUuid>
            </groups>
        </role>
        <role name="report_viewer">
            <users/>
            <groups>
                <groupUuid>_e-0000d398-70cf-8000-9aee-01075c01075c_6</groupUuid>
            </groups>
        </role>
        <role name="report_editor">
            <users/>
            <groups>
                <groupUuid>_e-0000da5f-caa8-8000-9aee-01075c01075c_16</groupUuid>
            </groups>
        </role>
    </roleMap>
</taskReportHaul>
