<?xml version="1.0" encoding="UTF-8" standalone="yes"?>
<taskReportHaul xmlns:a="http://www.appian.com/ae/types/2009">
    <taskReport name="Customer Service Request Tasks" a:uuid="9a84b4df-a0b6-48f7-bd6a-d9a4989ab0f6">
        <a:description>Displays all tasks related to Customer Service Requests</a:description>
        <a:uiExpr>#&quot;02125719-851d-4e63-b9e6-5c381fad080b&quot;()</a:uiExpr>
        <a:urlStub>rKzgOA</a:urlStub>
    </taskReport>
    <roleMap>
        <role name="report_administrator">
            <users/>
            <groups>
                <groupUuid>_e-0000d9c4-bcae-8000-9aee-01075c01075c_17</groupUuid>
            </groups>
        </role>
        <role name="report_viewer">
            <users/>
            <groups>
                <groupUuid>_e-0000d9c4-bcae-8000-9aee-01075c01075c_16</groupUuid>
            </groups>
        </role>
        <role name="report_editor">
            <users/>
            <groups>
                <groupUuid>_e-0000da5f-caa8-8000-9aee-01075c01075c_16</groupUuid>
            </groups>
        </role>
    </roleMap>
</taskReportHaul>
