<?xml version="1.0" encoding="UTF-8" standalone="yes"?>
<tempoReportHaul xmlns:a="http://www.appian.com/ae/types/2009">
    <tempoReport name="Orders Dashboard" a:uuid="8283065a-5c32-45f7-b930-cfe6e7a77dc3">
        <a:description>Summary of performance for all orders</a:description>
        <a:uiExpr>=#&quot;28747299-7776-4b38-b7ab-e256efc51d9d&quot;()</a:uiExpr>
        <a:urlStub>yS9bXA</a:urlStub>
    </tempoReport>
    <roleMap>
        <role name="report_administrator">
            <users/>
            <groups>
                <groupUuid>_e-0000d9c4-bcae-8000-9aee-01075c01075c_17</groupUuid>
            </groups>
        </role>
        <role name="report_viewer">
            <users/>
            <groups>
                <groupUuid>_e-0000d9c4-bcae-8000-9aee-01075c01075c_16</groupUuid>
            </groups>
        </role>
        <role name="report_editor">
            <users/>
            <groups>
                <groupUuid>_e-0000da5f-caa8-8000-9aee-01075c01075c_16</groupUuid>
            </groups>
        </role>
    </roleMap>
</tempoReportHaul>
