<?xml version="1.0" encoding="UTF-8" standalone="yes"?>
<contentHaul xmlns:a="http://www.appian.com/ae/types/2009">
    <rule>
        <name>CASE_APP_PrepareOrder</name>
        <uuid>17fb7771-8e88-43fb-aaab-1dace497fb23</uuid>
        <description>Task step in order management for preparing an order for shipment</description>
        <parentUuid>_a-0000d9c4-bcac-8000-9ba2-011c48011c48_5995</parentUuid>
        <visibility>
            <advertise>false</advertise>
            <hierarchy>true</hierarchy>
            <indexable>true</indexable>
            <quota>false</quota>
            <searchable>true</searchable>
            <system>false</system>
            <unlogged>false</unlogged>
        </visibility>
        <definition>=load(
  local!Order: #&quot;_a-0000d9c4-bcac-8000-9ba2-011c48011c48_8248&quot;(ri!Order.OrderNum),
  local!gridSelection:#&quot;SYSTEM_SYSRULES_gridSelection&quot;(pagingInfo:#&quot;SYSTEM_SYSRULES_pagingInfo&quot;(1,10,null)),
  #&quot;SYSTEM_SYSRULES_formLayout&quot;(
  label: &quot;Prepare Order&quot;,
  firstColumnContents: {
    #&quot;fcc1ec91-4693-4c90-9074-a5f6642b06a8&quot;(ri!Order, true),
    #&quot;SYSTEM_SYSRULES_sectionLayout&quot;(
      label: &quot;Verify Order for Shipment&quot;,
      instructions:&quot;Select all &quot;,
      firstColumnContents: {
        #&quot;SYSTEM_SYSRULES_richTextDisplayField&quot;(
          labelPosition:&quot;COLLAPSED&quot;,
          value:#&quot;SYSTEM_SYSRULES_richTextItem&quot;(
            text:&quot;Please verify that each Order Item is in stock and ready to ship by checking the box on each line.&quot;,
            style:&quot;EMPHASIS&quot;
            )
        ),
        #&quot;3ad1404e-fd3d-496a-9033-789297edc4cb&quot;(
          orderItems:ri!Order.OrderItems,
          isSelectable:true,
          gridSelection:local!gridSelection,
          maxSelection:length(ri!Order.OrderItems.id)
        )
      },
      isCollapsible: true(),
      validations:if(count(ri!Order.OrderItems.id)&lt;&gt;count(local!gridSelection.selected),
        &quot;You must verify all items before continuing.&quot;,
        null
      )
    )
  },
  buttons: #&quot;SYSTEM_SYSRULES_ButtonLayout&quot;(
    primaryButtons: {
      #&quot;SYSTEM_SYSRULES_ButtonWidgetSubmit&quot;(
        label: &quot;Submit&quot;,
        style: &quot;PRIMARY&quot;
      )
    }
  )
)
)</definition>
        <namedTypedValue>
            <name>Order</name>
            <type>
                <name>Variant</name>
                <namespace>http://www.appian.com/ae/types/2009</namespace>
            </type>
        </namedTypedValue>
        <preferredEditor>interface</preferredEditor>
        <offlineEnabled>false</offlineEnabled>
    </rule>
    <roleMap public="true">
        <role allowForAll="false" inherit="true" name="readers">
            <users/>
            <groups/>
        </role>
        <role allowForAll="false" inherit="true" name="authors">
            <users/>
            <groups/>
        </role>
        <role allowForAll="false" inherit="true" name="administrators">
            <users/>
            <groups/>
        </role>
        <role allowForAll="false" inherit="false" name="denyReaders">
            <users/>
            <groups/>
        </role>
        <role allowForAll="false" inherit="false" name="denyAuthors">
            <users/>
            <groups/>
        </role>
        <role allowForAll="false" inherit="false" name="denyAdministrators">
            <users/>
            <groups/>
        </role>
    </roleMap>
</contentHaul>
