<?xml version="1.0" encoding="UTF-8" standalone="yes"?>
<contentHaul xmlns:a="http://www.appian.com/ae/types/2009">
    <rule>
        <name>CASE_APP_uiGridLatestServiceReqsForCustomer</name>
        <uuid>280a7d74-2109-4ef0-90c1-6bd1dddf0cf7</uuid>
        <description>Shows a grid containing details for the latest service requests for a customer.</description>
        <parentUuid>_a-0000d9c4-bcac-8000-9ba2-011c48011c48_5839</parentUuid>
        <visibility>
            <advertise>false</advertise>
            <hierarchy>true</hierarchy>
            <indexable>true</indexable>
            <quota>false</quota>
            <searchable>true</searchable>
            <system>false</system>
            <unlogged>false</unlogged>
        </visibility>
        <definition>load(
  local!pagingInfo: #&quot;SYSTEM_SYSRULES_pagingInfo&quot;(
    startIndex: 1,
    batchSize: 5,
    sort: #&quot;SYSTEM_SYSRULES_sortInfo&quot;(
      field: &quot;requestDateTime&quot;,
      ascending: false
    )
  ),
  with(
    local!datasubset: queryrecord(
      #&quot;_a-0000da5f-caaa-8000-9ba2-011c48011c48_2950&quot;,
      #&quot;SYSTEM_SYSRULES_query&quot;(
        selection: #&quot;SYSTEM_SYSRULES_querySelection&quot;(columns: {
          #&quot;SYSTEM_SYSRULES_queryColumn&quot;(field: &quot;pp.id&quot;,alias:&quot;pId&quot;),
          #&quot;SYSTEM_SYSRULES_queryColumn&quot;(field: &quot;serviceReqData.requestNum&quot;,alias:&quot;srNum&quot;),
          #&quot;SYSTEM_SYSRULES_queryColumn&quot;(field: &quot;serviceReqData.requestDateTime&quot;,alias:&quot;requestDateTime&quot;),
          #&quot;SYSTEM_SYSRULES_queryColumn&quot;(field: &quot;serviceReqData.type&quot;,alias:&quot;type&quot;),
          #&quot;SYSTEM_SYSRULES_queryColumn&quot;(field: &quot;serviceReqData.status&quot;,alias:&quot;status&quot;),
          #&quot;SYSTEM_SYSRULES_queryColumn&quot;(field: &quot;serviceReqData.relatedCustomer.id&quot;,alias:&quot;customerId&quot;),
          
        }),
        filter:#&quot;SYSTEM_SYSRULES_queryFilter&quot;(&quot;serviceReqData.relatedCustomer.id&quot;,&quot;=&quot;,ri!customerId),
        pagingInfo: local!pagingInfo
      )
    ),
    #&quot;SYSTEM_SYSRULES_gridField&quot;(
      label:&quot;Most Recent Service Requests&quot;,
      totalCount: local!datasubset.totalCount,
      columns: {
        #&quot;SYSTEM_SYSRULES_gridTextColumn&quot;(
          label: &quot;Request #&quot;,
          field: &quot;srNum&quot;,
          data: index(local!datasubset.data, &quot;srNum&quot;, {}),
          links:apply(
            #&quot;SYSTEM_SYSRULES_recordLink&quot;(recordType:#&quot;_a-0000da5f-caaa-8000-9ba2-011c48011c48_2950&quot;,identifier:_),
            index(local!datasubset.data, &quot;pId&quot;, {})
          )
        ),
        #&quot;SYSTEM_SYSRULES_gridTextColumn&quot;(
          label: &quot;Requested on&quot;,
          field: &quot;requestDateTime&quot;,
          data: apply(
            fn!todate,
            index(local!datasubset.data, &quot;requestDateTime&quot;, {})
          )
        ),
        #&quot;SYSTEM_SYSRULES_gridTextColumn&quot;(
          label: &quot;Request Type&quot;,
          field: &quot;type&quot;,
          data: index(local!datasubset.data, &quot;type&quot;, {})
        ),
        #&quot;SYSTEM_SYSRULES_gridTextColumn&quot;(
          label: &quot;Status&quot;,
          field: &quot;status&quot;,
          data: index(local!datasubset.data, &quot;status&quot;, {})
        )
      },
      value: local!pagingInfo,
      saveInto: local!pagingInfo
    )
  )
)
</definition>
        <namedTypedValue>
            <name>customerId</name>
            <type>
                <name>int</name>
                <namespace>http://www.w3.org/2001/XMLSchema</namespace>
            </type>
        </namedTypedValue>
        <preferredEditor>interface</preferredEditor>
        <offlineEnabled>false</offlineEnabled>
    </rule>
    <roleMap public="true">
        <role allowForAll="false" inherit="true" name="readers">
            <users/>
            <groups/>
        </role>
        <role allowForAll="false" inherit="true" name="authors">
            <users/>
            <groups/>
        </role>
        <role allowForAll="false" inherit="true" name="administrators">
            <users/>
            <groups/>
        </role>
        <role allowForAll="false" inherit="false" name="denyReaders">
            <users/>
            <groups/>
        </role>
        <role allowForAll="false" inherit="false" name="denyAuthors">
            <users/>
            <groups/>
        </role>
        <role allowForAll="false" inherit="false" name="denyAdministrators">
            <users/>
            <groups/>
        </role>
    </roleMap>
</contentHaul>
