<?xml version="1.0" encoding="UTF-8" standalone="yes"?>
<contentHaul xmlns:a="http://www.appian.com/ae/types/2009">
    <rule>
        <name>CASE_APP_SR_uiChartCasesByType</name>
        <uuid>2ea28e65-e542-41f1-861d-abde3fe0a9fc</uuid>
        <description>Shows all CSR cases by Type in a Pie chart.</description>
        <parentUuid>_a-0000da89-b5e9-8000-9ba2-011c48011c48_3881</parentUuid>
        <visibility>
            <advertise>false</advertise>
            <hierarchy>true</hierarchy>
            <indexable>true</indexable>
            <quota>false</quota>
            <searchable>true</searchable>
            <system>false</system>
            <unlogged>false</unlogged>
        </visibility>
        <definition>load(
  local!pagingInfo: #&quot;SYSTEM_SYSRULES_pagingInfo&quot;(
    startIndex: 1,
    batchSize: 10,
    sort: #&quot;SYSTEM_SYSRULES_sortInfo&quot;(
      field: &quot;count&quot;,
      ascending: false
    )
  ),
  with(
    local!datasubset: queryrecord(
      #&quot;_a-0000da5f-caaa-8000-9ba2-011c48011c48_2950&quot;,
      #&quot;SYSTEM_SYSRULES_query&quot;(
        aggregation: #&quot;SYSTEM_SYSRULES_queryAggregation&quot;( {
          #&quot;SYSTEM_SYSRULES_queryAggregationColumn&quot;(field: &quot;serviceReqData.type&quot;,alias:&quot;type&quot;,isGrouping:true),
          #&quot;SYSTEM_SYSRULES_queryAggregationColumn&quot;(field: &quot;serviceReqData.id&quot;,alias:&quot;count&quot;, aggregationFunction:&quot;COUNT&quot;),
        }),
        pagingInfo: local!pagingInfo
      )
    ),
    {
      #&quot;SYSTEM_SYSRULES_pieChartField&quot;(
        label:&quot;Customer Service Request Cases by Type&quot;,
        series:apply(
          #&quot;SYSTEM_SYSRULES_chartSeries&quot;(label:_,data:_,links:_),
          merge(
            index(local!datasubset.data,&quot;type&quot;,{}),
            index(local!datasubset.data,&quot;count&quot;,{}),
            apply(#&quot;SYSTEM_SYSRULES_dynamicLink&quot;(value:_,saveInto:ri!typeFilter),index(local!datasubset.data,&quot;type&quot;,{}))
          )
        ),
        showtooltips: true
      )
    }
  )
)
</definition>
        <namedTypedValue>
            <name>typeFilter</name>
            <type>
                <name>string</name>
                <namespace>http://www.w3.org/2001/XMLSchema</namespace>
            </type>
            <value/>
        </namedTypedValue>
        <preferredEditor>interface</preferredEditor>
        <offlineEnabled>false</offlineEnabled>
    </rule>
    <roleMap public="true">
        <role allowForAll="false" inherit="true" name="readers">
            <users/>
            <groups/>
        </role>
        <role allowForAll="false" inherit="true" name="authors">
            <users/>
            <groups/>
        </role>
        <role allowForAll="false" inherit="true" name="administrators">
            <users/>
            <groups/>
        </role>
        <role allowForAll="false" inherit="false" name="denyReaders">
            <users/>
            <groups/>
        </role>
        <role allowForAll="false" inherit="false" name="denyAuthors">
            <users/>
            <groups/>
        </role>
        <role allowForAll="false" inherit="false" name="denyAdministrators">
            <users/>
            <groups/>
        </role>
    </roleMap>
</contentHaul>
