<?xml version="1.0" encoding="UTF-8" standalone="yes"?>
<contentHaul xmlns:a="http://www.appian.com/ae/types/2009">
    <rule>
        <name>CASE_APP_ordersByCutomer</name>
        <uuid>32051912-c19c-4f83-aaea-b8de61766e09</uuid>
        <description>Shows orders filtered by a specific customer</description>
        <parentUuid>_a-0000d9c4-bcac-8000-9ba2-011c48011c48_5995</parentUuid>
        <visibility>
            <advertise>false</advertise>
            <hierarchy>true</hierarchy>
            <indexable>true</indexable>
            <quota>false</quota>
            <searchable>true</searchable>
            <system>false</system>
            <unlogged>false</unlogged>
        </visibility>
        <definition>load(
  local!pagingInfo: #&quot;SYSTEM_SYSRULES_pagingInfo&quot;(
    startIndex: 1,
    batchSize: ri!itemsPerPage,
    sort: #&quot;SYSTEM_SYSRULES_sortInfo&quot;(
      field: &quot;OrderDate&quot;,
      ascending: false
    )
  ),
  with(
    local!datasubset: queryrecord(
      #&quot;_a-0000d9c4-bcac-8000-9ba2-011c48011c48_6210&quot;,
      #&quot;SYSTEM_SYSRULES_query&quot;(
        selection: #&quot;SYSTEM_SYSRULES_querySelection&quot;(columns: {
          #&quot;SYSTEM_SYSRULES_queryColumn&quot;(field: &quot;OrderNum&quot;),
          #&quot;SYSTEM_SYSRULES_queryColumn&quot;(field: &quot;OrderDate&quot;),
          #&quot;SYSTEM_SYSRULES_queryColumn&quot;(field: &quot;Total&quot;),
          #&quot;SYSTEM_SYSRULES_queryColumn&quot;(field: &quot;Status&quot;),
          #&quot;SYSTEM_SYSRULES_queryColumn&quot;(field: &quot;id&quot;),
          #&quot;SYSTEM_SYSRULES_queryColumn&quot;(field: &quot;Customer.id&quot;),          
        }),
        filter: #&quot;SYSTEM_SYSRULES_queryFilter&quot;(
          field: &quot;Customer.id&quot;,
          operator: &quot;=&quot;,
          value: ri!customerId
        ),
        pagingInfo: local!pagingInfo
      )
    ),
    #&quot;SYSTEM_SYSRULES_gridField&quot;(
      label: ri!gridLabel,
      instructions: ri!gridInstructions,
      totalCount: local!datasubset.totalCount,
      columns: {
        #&quot;SYSTEM_SYSRULES_gridTextColumn&quot;(
          label: &quot;OrderNum&quot;,
          field: &quot;OrderNum&quot;,
          data: index(local!datasubset.data, &quot;OrderNum&quot;, {}),
          links: apply(
            #&quot;SYSTEM_SYSRULES_recordLink&quot;(
              label: &quot;Go to record dashboard&quot;,
              recordType: #&quot;_a-0000d9c4-bcac-8000-9ba2-011c48011c48_6210&quot;,
              identifier: _,
              dashboard: &quot;summary&quot;
            ),
            local!datasubset.identifiers
          )
        ),
        #&quot;SYSTEM_SYSRULES_gridTextColumn&quot;(
          label: &quot;OrderDate&quot;,
          field: &quot;OrderDate&quot;,
          data: index(local!datasubset.data, &quot;OrderDate&quot;, {})
        ),
        #&quot;SYSTEM_SYSRULES_gridTextColumn&quot;(
          label: &quot;Total&quot;,
          field: &quot;Total&quot;,
          data: dollar(index(local!datasubset.data, &quot;Total&quot;, {}), 2, 0)
        ),
        #&quot;SYSTEM_SYSRULES_gridTextColumn&quot;(
          label: &quot;Status&quot;,
          field: &quot;Status&quot;,
          data: index(local!datasubset.data, &quot;Status&quot;, {})
        )
      },
      value: local!pagingInfo,
      saveInto: local!pagingInfo
    )
  )
)
</definition>
        <namedTypedValue>
            <name>itemsPerPage</name>
            <type>
                <name>int</name>
                <namespace>http://www.w3.org/2001/XMLSchema</namespace>
            </type>
        </namedTypedValue>
        <namedTypedValue>
            <name>gridLabel</name>
            <type>
                <name>string</name>
                <namespace>http://www.w3.org/2001/XMLSchema</namespace>
            </type>
            <value/>
        </namedTypedValue>
        <namedTypedValue>
            <name>gridInstructions</name>
            <type>
                <name>string</name>
                <namespace>http://www.w3.org/2001/XMLSchema</namespace>
            </type>
            <value/>
        </namedTypedValue>
        <namedTypedValue>
            <name>customerId</name>
            <type>
                <name>int</name>
                <namespace>http://www.w3.org/2001/XMLSchema</namespace>
            </type>
        </namedTypedValue>
        <preferredEditor>interface</preferredEditor>
        <offlineEnabled>false</offlineEnabled>
    </rule>
    <roleMap public="true">
        <role allowForAll="false" inherit="true" name="readers">
            <users/>
            <groups/>
        </role>
        <role allowForAll="false" inherit="true" name="authors">
            <users/>
            <groups/>
        </role>
        <role allowForAll="false" inherit="true" name="administrators">
            <users/>
            <groups/>
        </role>
        <role allowForAll="false" inherit="false" name="denyReaders">
            <users/>
            <groups/>
        </role>
        <role allowForAll="false" inherit="false" name="denyAuthors">
            <users/>
            <groups/>
        </role>
        <role allowForAll="false" inherit="false" name="denyAdministrators">
            <users/>
            <groups/>
        </role>
    </roleMap>
</contentHaul>
