<?xml version="1.0" encoding="UTF-8" standalone="yes"?>
<contentHaul xmlns:a="http://www.appian.com/ae/types/2009">
    <rule>
        <name>CASE_APP_uiReportOrdersByCustomer</name>
        <uuid>327c01c1-7119-468f-9b6a-9e2ecdf7fcae</uuid>
        <description>A section showing how many orders each customer has.</description>
        <parentUuid>_a-0000d9c4-bcac-8000-9ba2-011c48011c48_5839</parentUuid>
        <visibility>
            <advertise>false</advertise>
            <hierarchy>true</hierarchy>
            <indexable>true</indexable>
            <quota>false</quota>
            <searchable>true</searchable>
            <system>false</system>
            <unlogged>false</unlogged>
        </visibility>
        <definition>load(
  local!gridPI:#&quot;SYSTEM_SYSRULES_pagingInfo&quot;(
    startIndex:1,
    batchSize:10,
    sort:#&quot;SYSTEM_SYSRULES_sortInfo&quot;(field:&quot;numOrders&quot;)
  ),
  local!asGrid:true,
  with(
    local!gridData:#&quot;SYSTEM_SYSRULES_queryEntity&quot;(
      entity:#&quot;_a-0000d9c4-bcac-8000-9ba2-011c48011c48_6305&quot;,
      query:#&quot;SYSTEM_SYSRULES_query&quot;(
        aggregation:#&quot;SYSTEM_SYSRULES_queryAggregation&quot;(
          {
            #&quot;SYSTEM_SYSRULES_queryAggregationColumn&quot;(
              field:&quot;Customer.id&quot;,
              alias:&quot;customerId&quot;,
              isGrouping:true
            ),
            #&quot;SYSTEM_SYSRULES_queryAggregationColumn&quot;(
              field:&quot;Customer.Name&quot;,
              alias:&quot;customerName&quot;,
              isGrouping:true
            ),
            #&quot;SYSTEM_SYSRULES_queryAggregationColumn&quot;(
              field:&quot;id&quot;,
              alias:&quot;numOrders&quot;,
              aggregationFunction:&quot;COUNT&quot;
            )
          }
        ),
        pagingInfo:local!gridPI
      )
    ),
    #&quot;SYSTEM_SYSRULES_sectionLayout&quot;(
      label:&quot;Orders by Customer&quot;,
      firstColumnContents:{
        if(local!asGrid,
          {
            #&quot;SYSTEM_SYSRULES_linkField&quot;(
              labelPosition:&quot;COLLAPSED&quot;,
              links:#&quot;SYSTEM_SYSRULES_dynamicLink&quot;(label:&quot;View as Chart&quot;, 
                value:false,
                saveInto:local!asGrid
              )
            ),
            #&quot;SYSTEM_SYSRULES_gridField&quot;(
              totalCount:local!gridData.totalCount,
              columns:{
                #&quot;SYSTEM_SYSRULES_gridTextColumn&quot;(
                  label:&quot;Customer&quot;,
                  field:&quot;customerName&quot;,
                  data:index(local!gridData.data, &quot;customerName&quot;,{}),
                  links:apply(
                    #&quot;SYSTEM_SYSRULES_recordLink&quot;(
                      recordType:#&quot;_a-0000d9b8-a7c6-8000-9e06-010000010000_504&quot;,
                      identifier:_,
                      dashboard:&quot;_Cs9g-Q&quot;
                    ),
                    index(local!gridData.data, &quot;customerId&quot;,{})
                  )
                ),
                #&quot;SYSTEM_SYSRULES_gridTextColumn&quot;(
                  label:&quot;Customer&quot;,
                  field:&quot;numOrders&quot;,
                  data:index(local!gridData.data, &quot;numOrders&quot;,{})
                )
              },
              value:local!gridPI,
              saveInto:local!gridPI
            )
          },
          {
            #&quot;SYSTEM_SYSRULES_linkField&quot;(
              labelPosition:&quot;COLLAPSED&quot;,
              links:#&quot;SYSTEM_SYSRULES_dynamicLink&quot;(label:&quot;View as Grid&quot;, 
                value:true,
                saveInto:local!asGrid
              )
            ),
            #&quot;SYSTEM_SYSRULES_barChartField&quot;(
              categories:index(local!gridData.data, &quot;customerName&quot;,{}),
              series:#&quot;SYSTEM_SYSRULES_chartSeries&quot;(
                label:&quot;Customer Name&quot;,
                data:index(local!gridData.data, &quot;numOrders&quot;,{})
              ),
              showlegend: true,
              showdatalabels: true,
              showtooltips: true,
              allowdecimalaxislabels: false
            )
          }
        )
      }
    )
  )
)</definition>
        <preferredEditor>interface</preferredEditor>
        <offlineEnabled>false</offlineEnabled>
    </rule>
    <roleMap public="true">
        <role allowForAll="false" inherit="true" name="readers">
            <users/>
            <groups/>
        </role>
        <role allowForAll="false" inherit="true" name="authors">
            <users/>
            <groups/>
        </role>
        <role allowForAll="false" inherit="true" name="administrators">
            <users/>
            <groups/>
        </role>
        <role allowForAll="false" inherit="false" name="denyReaders">
            <users/>
            <groups/>
        </role>
        <role allowForAll="false" inherit="false" name="denyAuthors">
            <users/>
            <groups/>
        </role>
        <role allowForAll="false" inherit="false" name="denyAdministrators">
            <users/>
            <groups/>
        </role>
    </roleMap>
</contentHaul>
