<?xml version="1.0" encoding="UTF-8" standalone="yes"?>
<contentHaul xmlns:a="http://www.appian.com/ae/types/2009">
    <rule>
        <name>CASE_APP_SR_uiFormCloseCase</name>
        <uuid>4e0cad31-92a9-4bb8-8655-ac243ee68e75</uuid>
        <description>Form used in the related action to close a CSR case.</description>
        <parentUuid>_a-0000da5f-caaa-8000-9ba2-011c48011c48_2618</parentUuid>
        <visibility>
            <advertise>false</advertise>
            <hierarchy>true</hierarchy>
            <indexable>true</indexable>
            <quota>false</quota>
            <searchable>true</searchable>
            <system>false</system>
            <unlogged>false</unlogged>
        </visibility>
        <definition>/*To Test:
1. Set servicerReq to: type!CASE_APP_ServiceRequest(
  requestNum:&quot;123a-1234&quot;,
  requestDateTime:now(),
  type:&quot;I need help with an Order&quot;,
  relatedCustomer:CASE_APP_getAllCustomerFieldsById(1),
  relatedOrder: CASE_APP_getAllOrderFieldsById(1),
  relatedOrderItemId:1,
  comments:&quot;Sample comments&quot;,
  status:&quot;Solution&quot;,
  id:53051235
)
4. Set caseHistory to : type!CASE_APP_CaseHistory()
*/
load(
  local!currentMilestone:#&quot;_a-0000da5f-caaa-8000-9ba2-011c48011c48_2852&quot;(ri!serviceReq.status),
  #&quot;SYSTEM_SYSRULES_formLayout&quot;(
    label: &quot;Close Case: Service Request #&quot;&amp;ri!serviceReq.requestNum,
    instructions: &quot;Please complete the form below&quot;,
    firstColumnContents: {
      #&quot;SYSTEM_SYSRULES_milestoneField&quot;(
        steps:#&quot;_a-0000da5f-caaa-8000-9ba2-011c48011c48_2848&quot;,
        active:local!currentMilestone
      ),
      #&quot;051657d6-8b7d-4398-b529-edffef50deae&quot;(ri!serviceReq,local!currentMilestone),
      #&quot;3125583a-3639-4d2f-afd3-c600a5e07ca6&quot;(recordType: #&quot;_a-0000da5f-caaa-8000-9ba2-011c48011c48_2950&quot;, recordId: ri!serviceReq.id, hideFilters: true),
      #&quot;SYSTEM_SYSRULES_sectionLayout&quot;(
        label:&quot;Case Closure Notes&quot;,
        firstColumnContents:{
          #&quot;SYSTEM_SYSRULES_paragraphField&quot;(
            label:&quot;Comments&quot;,
            instructions:&quot;Please indicate your reasons for closing the case.&quot;,
            value: ri!closeComments,
            saveInto:ri!closeComments
          )
        }
      )
    },
    buttons: #&quot;SYSTEM_SYSRULES_ButtonLayout&quot;(
      primaryButtons: {
        #&quot;SYSTEM_SYSRULES_ButtonWidgetSubmit&quot;(
          label: &quot;Case Closed&quot;,
          style: &quot;PRIMARY&quot;,
          saveInto: {
            a!save(target:ri!serviceReq.status, value:#&quot;_a-0000da5f-caaa-8000-9ba2-011c48011c48_2630&quot;[6]),
            a!save(target: ri!closeComments, value: &quot;Closing Comments: &quot; &amp; ri!closeComments)
          }
        )
      }
    ),
    validations: {}
  )
)</definition>
        <namedTypedValue>
            <name>serviceReq</name>
            <type>
                <name>CASE_APP_ServiceRequest</name>
                <namespace>urn:com:appian:types:CASE_APP</namespace>
            </type>
        </namedTypedValue>
        <namedTypedValue>
            <name>closeComments</name>
            <type>
                <name>string</name>
                <namespace>http://www.w3.org/2001/XMLSchema</namespace>
            </type>
            <value/>
        </namedTypedValue>
        <preferredEditor>interface</preferredEditor>
        <offlineEnabled>false</offlineEnabled>
    </rule>
    <roleMap public="true">
        <role allowForAll="false" inherit="true" name="readers">
            <users/>
            <groups/>
        </role>
        <role allowForAll="false" inherit="true" name="authors">
            <users/>
            <groups/>
        </role>
        <role allowForAll="false" inherit="true" name="administrators">
            <users/>
            <groups/>
        </role>
        <role allowForAll="false" inherit="false" name="denyReaders">
            <users/>
            <groups/>
        </role>
        <role allowForAll="false" inherit="false" name="denyAuthors">
            <users/>
            <groups/>
        </role>
        <role allowForAll="false" inherit="false" name="denyAdministrators">
            <users/>
            <groups/>
        </role>
    </roleMap>
</contentHaul>
