<?xml version="1.0" encoding="UTF-8" standalone="yes"?>
<contentHaul xmlns:a="http://www.appian.com/ae/types/2009">
    <queryRule>
        <name>CASE_APP_getCustomerByOwner</name>
        <uuid>680b7c66-3203-4458-9023-8b523a89aae9</uuid>
        <description>Retrieves all customer for a specific user</description>
        <folderUuid>_a-0000d9c4-bcac-8000-9ba2-011c48011c48_5841</folderUuid>
        <dataStoreEntityCompositeUuid>0fd91800-d3d0-47eb-8355-2e65cf3c3d42@_a-0000da5f-b0b8-8000-9ba2-011c48011c48_12642</dataStoreEntityCompositeUuid>
        <params>
            <param>
                <description></description>
                <name>accountOwner</name>
                <type>{http://www.w3.org/2001/XMLSchema}string</type>
            </param>
        </params>
        <filters>
            <filter>
                <field>
                    <name>AccountOwner</name>
                    <type>{http://www.w3.org/2001/XMLSchema}string</type>
                </field>
                <op>=</op>
                <value>accountOwner</value>
                <valueType>PARAMETER</valueType>
            </filter>
        </filters>
        <orderings>
            <ordering>
                <ascending>true</ascending>
                <field>
                    <name>Name</name>
                    <type>{http://www.w3.org/2001/XMLSchema}string</type>
                </field>
            </ordering>
        </orderings>
    </queryRule>
    <roleMap public="false">
        <role allowForAll="false" inherit="true" name="readers">
            <users/>
            <groups/>
        </role>
        <role allowForAll="false" inherit="true" name="authors">
            <users/>
            <groups/>
        </role>
        <role allowForAll="false" inherit="true" name="administrators">
            <users/>
            <groups/>
        </role>
        <role allowForAll="false" inherit="false" name="denyReaders">
            <users/>
            <groups/>
        </role>
        <role allowForAll="false" inherit="false" name="denyAuthors">
            <users/>
            <groups/>
        </role>
        <role allowForAll="false" inherit="false" name="denyAdministrators">
            <users/>
            <groups/>
        </role>
    </roleMap>
</contentHaul>
