<?xml version="1.0" encoding="UTF-8" standalone="yes"?>
<contentHaul xmlns:a="http://www.appian.com/ae/types/2009">
    <rule>
        <name>CASE_APP_createUpdateProductFields</name>
        <uuid>8af7ef67-8654-48e5-bab2-825cea2dae0f</uuid>
        <description>Section layouts for forms to create or update a product</description>
        <parentUuid>_a-0000d9c4-bcac-8000-9ba2-011c48011c48_5845</parentUuid>
        <visibility>
            <advertise>false</advertise>
            <hierarchy>true</hierarchy>
            <indexable>true</indexable>
            <quota>false</quota>
            <searchable>true</searchable>
            <system>false</system>
            <unlogged>false</unlogged>
        </visibility>
        <definition>{&#xD;
  #&quot;SYSTEM_SYSRULES_sectionLayout&quot; (&#xD;
    label: &quot;Product Details&quot;,&#xD;
    firstColumnContents: {&#xD;
      #&quot;SYSTEM_SYSRULES_textField&quot;(&#xD;
        label: &quot;Product Name&quot;,&#xD;
        value: ri!product.name,&#xD;
        saveInto: ri!product.name,&#xD;
        required: true()&#xD;
      ),&#xD;
      #&quot;SYSTEM_SYSRULES_paragraphField&quot;(&#xD;
        label: &quot;Description&quot;,&#xD;
        value: ri!product.description,&#xD;
        saveInto: ri!product.description,&#xD;
        required: true,&#xD;
        validations: if(len(ri!product.description)&gt;255,&quot;Please limit the character count: &quot;&amp;len(ri!product.description)&amp;&quot;/255&quot;,null)&#xD;
      ),		  &#xD;
      #&quot;SYSTEM_SYSRULES_textField&quot;(&#xD;
        label: &quot;SKU&quot;,&#xD;
        value: ri!product.sku,&#xD;
        saveInto: ri!product.sku,&#xD;
        required: true&#xD;
      ),		  &#xD;
      #&quot;SYSTEM_SYSRULES_dropdownField&quot;(&#xD;
        label: &quot;Category&quot;,&#xD;
        placeholderLabel: &quot;--Please select an category.--&quot;,&#xD;
        choiceLabels:#&quot;_a-0000d9c4-bcac-8000-9ba2-011c48011c48_3808&quot;,&#xD;
        choiceValues: #&quot;_a-0000d9c4-bcac-8000-9ba2-011c48011c48_3808&quot;,&#xD;
        value: ri!product.productCategory,&#xD;
        saveInto: ri!product.productCategory,
        required: true&#xD;
      ),&#xD;
      #&quot;SYSTEM_SYSRULES_textField&quot;(&#xD;
        label: &quot;Manufacturer&quot;,&#xD;
        value: ri!product.manufacturer,&#xD;
        saveInto: ri!product.manufacturer,&#xD;
        required: true&#xD;
      )		  &#xD;
    },  &#xD;
    secondColumnContents: {&#xD;
      if(ri!isCreate, &#xD;
        {},&#xD;
	      if(#&quot;_a-0000d9a9-eb56-8000-9e06-010000010000_751&quot;(ri!product.productImageDocId),&#xD;
      		{},&#xD;
      		#&quot;db22a1b1-edcb-4c87-a893-14880b22e957&quot;(&#xD;
      		documents: todocument(ri!product.productImageDocId), &#xD;
      		gridLabel: &quot;Current Product Image&quot;,&#xD;
      		gridSelectable: false(),&#xD;
      		showDocImageType: &quot;THUMBNAIL&quot;,&#xD;
      		showColumns: {&quot;IMAGE&quot;,&quot;NAME&quot;}  /*,&quot;DATECREATED&quot;, &quot;LASTUSERTOMODIFY&quot;*/&#xD;
      		)&#xD;
    		)          &#xD;
      ),&#xD;
      #&quot;SYSTEM_SYSRULES_fileUploadField&quot;(&#xD;
        label:&quot;Upload Product Image&quot;,&#xD;
        target:#&quot;_a-0000d9c4-bcac-8000-9ba2-011c48011c48_3827&quot;,&#xD;
        value:ri!productImage,&#xD;
        saveInto:ri!productImage,&#xD;
        required:#&quot;_a-0000d9a9-eb56-8000-9e06-010000010000_751&quot;(ri!product.productImageDocId)&#xD;
      ),        &#xD;
      #&quot;SYSTEM_SYSRULES_dateField&quot;(&#xD;
        label: &quot;Release Date&quot;,&#xD;
        value: ri!product.releaseDate,&#xD;
        saveInto: ri!product.releaseDate,&#xD;
        required: false&#xD;
      ),&#xD;
      #&quot;SYSTEM_SYSRULES_floatingPointField&quot;(&#xD;
        label: &quot;Price&quot;,&#xD;
        value: ri!product.price,&#xD;
        saveInto: ri!product.price,&#xD;
        required: true&#xD;
      ),		&#xD;
      #&quot;SYSTEM_SYSRULES_integerField&quot;(&#xD;
        label: &quot;Quantity&quot;,&#xD;
        value: ri!product.quantity,&#xD;
        saveInto: ri!product.quantity,&#xD;
        required: true&#xD;
      )		  &#xD;
    },&#xD;
    iscollapsible: true&#xD;
  ),&#xD;
  #&quot;SYSTEM_SYSRULES_sectionLayout&quot;(&#xD;
    label: &quot;Shipping Details&quot;,&#xD;
    firstColumnContents: {&#xD;
      #&quot;SYSTEM_SYSRULES_integerField&quot;(&#xD;
        label: &quot;Shipping Weight (lbs)&quot;,&#xD;
        instructions: &quot;Please round to the nearest integer.&quot;,&#xD;
        value: ri!product.shippingDetails.weight,&#xD;
        saveInto: ri!product.shippingDetails.weight&#xD;
      ),&#xD;
      #&quot;SYSTEM_SYSRULES_integerField&quot;(&#xD;
        label: &quot;Shipping Height (inches)&quot;,&#xD;
        instructions: &quot;Please round to the nearest integer.&quot;,&#xD;
        value: ri!product.shippingDetails.height,&#xD;
        saveInto: ri!product.shippingDetails.height&#xD;
      )&#xD;
    },&#xD;
    secondColumnContents: {&#xD;
      #&quot;SYSTEM_SYSRULES_integerField&quot;(&#xD;
        label: &quot;Shipping Width (inches)&quot;,&#xD;
        instructions: &quot;Please round to the nearest integer.&quot;,&#xD;
        value: ri!product.shippingDetails.width,&#xD;
        saveInto: ri!product.shippingDetails.width&#xD;
      ),&#xD;
      #&quot;SYSTEM_SYSRULES_integerField&quot;(&#xD;
        label: &quot;Shipping Depth (inches)&quot;,&#xD;
        instructions: &quot;Please round to the nearest integer.&quot;,&#xD;
        value: ri!product.shippingDetails.depth,&#xD;
        saveInto: ri!product.shippingDetails.depth&#xD;
      )&#xD;
    },&#xD;
    iscollapsible: true&#xD;
  )&#xD;
&#xD;
}&#xD;
</definition>
        <namedTypedValue>
            <name>product</name>
            <type>
                <name>Variant</name>
                <namespace>http://www.appian.com/ae/types/2009</namespace>
            </type>
        </namedTypedValue>
        <namedTypedValue>
            <name>productImage</name>
            <type>
                <name>CollaborationDocument</name>
                <namespace>http://www.appian.com/ae/types/2009</namespace>
            </type>
        </namedTypedValue>
        <namedTypedValue>
            <name>isCreate</name>
            <type>
                <name>boolean</name>
                <namespace>http://www.w3.org/2001/XMLSchema</namespace>
            </type>
        </namedTypedValue>
        <preferredEditor>interface</preferredEditor>
        <offlineEnabled>false</offlineEnabled>
    </rule>
    <roleMap public="true">
        <role allowForAll="false" inherit="true" name="readers">
            <users/>
            <groups/>
        </role>
        <role allowForAll="false" inherit="true" name="authors">
            <users/>
            <groups/>
        </role>
        <role allowForAll="false" inherit="true" name="administrators">
            <users/>
            <groups/>
        </role>
        <role allowForAll="false" inherit="false" name="denyReaders">
            <users/>
            <groups/>
        </role>
        <role allowForAll="false" inherit="false" name="denyAuthors">
            <users/>
            <groups/>
        </role>
        <role allowForAll="false" inherit="false" name="denyAdministrators">
            <users/>
            <groups/>
        </role>
    </roleMap>
    <typedValue>
        <type>
            <name>RuleTestConfig?list</name>
            <namespace>http://www.appian.com/ae/types/2009</namespace>
        </type>
        <value>
            <el>
                <a:name/>
                <a:ruleInputTestConfigs>
                    <a:value xmlns:xsi="http://www.w3.org/2001/XMLSchema-instance" xsi:nil="true" xsi:type="a:Expression"/>
                    <a:nameRef>product</a:nameRef>
                    <a:id/>
                </a:ruleInputTestConfigs>
                <a:ruleInputTestConfigs>
                    <a:value xmlns:xsi="http://www.w3.org/2001/XMLSchema-instance" xsi:nil="true" xsi:type="a:CollaborationDocument"/>
                    <a:nameRef>productImage</a:nameRef>
                    <a:id/>
                </a:ruleInputTestConfigs>
                <a:ruleInputTestConfigs>
                    <a:value xmlns:xsi="http://www.w3.org/2001/XMLSchema-instance" xsi:nil="true" xsi:type="a:Expression"/>
                    <a:nameRef>isCreate</a:nameRef>
                    <a:id/>
                </a:ruleInputTestConfigs>
            </el>
        </value>
    </typedValue>
</contentHaul>
