<?xml version="1.0" encoding="UTF-8" standalone="yes"?>
<contentHaul xmlns:a="http://www.appian.com/ae/types/2009">
    <rule>
        <name>CASE_APP_getTaskStatusDisplay</name>
        <uuid>_a-0000da5f-caaa-8000-9ba2-011c48011c48_2889</uuid>
        <description>Utility expression used to format a cell in a GridLayout as a Task Status Text</description>
        <parentUuid>_a-0000da5f-caaa-8000-9ba2-011c48011c48_2880</parentUuid>
        <visibility>
            <advertise>false</advertise>
            <hierarchy>true</hierarchy>
            <indexable>true</indexable>
            <quota>false</quota>
            <searchable>true</searchable>
            <system>false</system>
            <unlogged>false</unlogged>
        </visibility>
        <definition>index(
  {
    &quot;Assigned&quot;,
    &quot;Accepted&quot;,
    &quot;Completed&quot;,
    &quot;Not Started&quot;,
    &quot;Cancelled&quot;,
    &quot;Paused&quot;,
    &quot;Unattended&quot;,
    &quot;Aborted&quot;,
    &quot;Cancelled By Exception&quot;,
    &quot;Submitted&quot;,
    &quot;Running&quot;,
    &quot;Error&quot;
  },
  /* Task status ids start with 0, so add one to reach the first index */
  tointeger(index(ri!data, ri!index, -1)) + 1,
  &quot;Other&quot;
)</definition>
        <namedTypedValue>
            <name>data</name>
            <type>
                <name>Variant</name>
                <namespace>http://www.appian.com/ae/types/2009</namespace>
            </type>
        </namedTypedValue>
        <namedTypedValue>
            <name>index</name>
            <type>
                <name>int</name>
                <namespace>http://www.w3.org/2001/XMLSchema</namespace>
            </type>
        </namedTypedValue>
        <preferredEditor>legacy</preferredEditor>
        <offlineEnabled>false</offlineEnabled>
    </rule>
    <roleMap public="true">
        <role allowForAll="false" inherit="true" name="readers">
            <users/>
            <groups/>
        </role>
        <role allowForAll="false" inherit="true" name="authors">
            <users/>
            <groups/>
        </role>
        <role allowForAll="false" inherit="true" name="administrators">
            <users/>
            <groups/>
        </role>
        <role allowForAll="false" inherit="false" name="denyReaders">
            <users/>
            <groups/>
        </role>
        <role allowForAll="false" inherit="false" name="denyAuthors">
            <users/>
            <groups/>
        </role>
        <role allowForAll="false" inherit="false" name="denyAdministrators">
            <users/>
            <groups/>
        </role>
    </roleMap>
</contentHaul>
