<?xml version="1.0" encoding="UTF-8" standalone="yes"?>
<contentHaul xmlns:a="http://www.appian.com/ae/types/2009">
    <rule>
        <name>CASE_APP_getRecordFromRecordAssociation</name>
        <uuid>_a-0000d9c4-bcac-8000-9ba2-011c48011c48_6214</uuid>
        <description>Retrieves a record from a RecordAssociation CDT</description>
        <parentUuid>_a-0000da20-55d5-8000-9ba2-011c48011c48_11112</parentUuid>
        <visibility>
            <advertise>false</advertise>
            <hierarchy>true</hierarchy>
            <indexable>true</indexable>
            <quota>false</quota>
            <searchable>true</searchable>
            <system>false</system>
            <unlogged>false</unlogged>
        </visibility>
        <definition>= if(
  #&quot;_a-0000d9a9-eb56-8000-9e06-010000010000_751&quot;(
    ri!recordAssociation
  ),
  null,
  with(
    local!recordType: #&quot;_a-0000d9c4-bcac-8000-9ba2-011c48011c48_6122&quot;(
      ri!recordAssociation
    ),
    local!primaryKeyField: #&quot;_a-0000d9c4-bcac-8000-9ba2-011c48011c48_6179&quot;(
      ri!recordAssociation
    ),
    local!primaryKeyValue: ri!recordAssociation.identifiers,
    apply(
      #&quot;_a-0000d9b9-6309-8000-9ba2-011c48011c48_1457&quot;(
        local!recordType,
        local!primaryKeyField,
        _
      ),
      ri!recordAssociation.identifiers
    )
  )
)</definition>
        <namedTypedValue>
            <name>recordAssociation</name>
            <type>
                <name>Variant</name>
                <namespace>http://www.appian.com/ae/types/2009</namespace>
            </type>
        </namedTypedValue>
        <preferredEditor>legacy</preferredEditor>
        <offlineEnabled>false</offlineEnabled>
    </rule>
    <roleMap public="true">
        <role allowForAll="false" inherit="true" name="readers">
            <users/>
            <groups/>
        </role>
        <role allowForAll="false" inherit="true" name="authors">
            <users/>
            <groups/>
        </role>
        <role allowForAll="false" inherit="true" name="administrators">
            <users/>
            <groups/>
        </role>
        <role allowForAll="false" inherit="false" name="denyReaders">
            <users/>
            <groups/>
        </role>
        <role allowForAll="false" inherit="false" name="denyAuthors">
            <users/>
            <groups/>
        </role>
        <role allowForAll="false" inherit="false" name="denyAdministrators">
            <users/>
            <groups/>
        </role>
    </roleMap>
</contentHaul>
