<?xml version="1.0" encoding="UTF-8" standalone="yes"?>
<contentHaul xmlns:a="http://www.appian.com/ae/types/2009">
    <rule>
        <name>CASE_APP_getAllProductFieldsBySKU</name>
        <uuid>_a-0000d9df-3187-8000-9ba2-011c48011c48_9451</uuid>
        <description>Given a CASE_APP Product SKU, get all field values for that product</description>
        <parentUuid>_a-0000d9c4-bcac-8000-9ba2-011c48011c48_5847</parentUuid>
        <visibility>
            <advertise>false</advertise>
            <hierarchy>true</hierarchy>
            <indexable>true</indexable>
            <quota>false</quota>
            <searchable>true</searchable>
            <system>false</system>
            <unlogged>false</unlogged>
        </visibility>
        <definition>cast(
  typeof(
    'type!{urn:com:appian:types:CASE_APP}CASE_APP_Product'()
  ),
  #&quot;SYSTEM_SYSRULES_queryEntity&quot;(
    entity: #&quot;_a-0000d9c4-bcac-8000-9ba2-011c48011c48_4329&quot;,
    query: #&quot;SYSTEM_SYSRULES_query&quot;(
      selection: #&quot;SYSTEM_SYSRULES_querySelection&quot;(
        columns: {
          #&quot;SYSTEM_SYSRULES_queryColumn&quot;(
            field: &quot;id&quot;
          ),
          #&quot;SYSTEM_SYSRULES_queryColumn&quot;(
            field: &quot;name&quot;
          ),
          #&quot;SYSTEM_SYSRULES_queryColumn&quot;(
            field: &quot;sku&quot;
          ),
          #&quot;SYSTEM_SYSRULES_queryColumn&quot;(
            field: &quot;description&quot;
          ),
          #&quot;SYSTEM_SYSRULES_queryColumn&quot;(
            field: &quot;category&quot;
          ),
          #&quot;SYSTEM_SYSRULES_queryColumn&quot;(
            field: &quot;manufacturer&quot;
          ),
          #&quot;SYSTEM_SYSRULES_queryColumn&quot;(
            field: &quot;modelNumber&quot;
          ),
          #&quot;SYSTEM_SYSRULES_queryColumn&quot;(
            field: &quot;releaseDate&quot;
          ),
          #&quot;SYSTEM_SYSRULES_queryColumn&quot;(
            field: &quot;isActive&quot;
          ),
          #&quot;SYSTEM_SYSRULES_queryColumn&quot;(
            field: &quot;price&quot;
          ),
          #&quot;SYSTEM_SYSRULES_queryColumn&quot;(
            field: &quot;quantity&quot;
          ),
          #&quot;SYSTEM_SYSRULES_queryColumn&quot;(
            field: &quot;shippingDetails&quot;
          ),
          #&quot;SYSTEM_SYSRULES_queryColumn&quot;(
            field: &quot;productImageDocId&quot;
          ),
          #&quot;SYSTEM_SYSRULES_queryColumn&quot;(
            field: &quot;productCategory&quot;
          )
        }
      ),
      filter: #&quot;SYSTEM_SYSRULES_queryFilter&quot;(
        field: &quot;sku&quot;,
        operator: &quot;=&quot;,
        value: ri!sku
      ),
      pagingInfo: #&quot;SYSTEM_SYSRULES_pagingInfo&quot;(
        startIndex: 1,
        batchSize: 1
      )
    )
  ).data
)</definition>
        <namedTypedValue>
            <name>sku</name>
            <type>
                <name>string</name>
                <namespace>http://www.w3.org/2001/XMLSchema</namespace>
            </type>
            <value/>
        </namedTypedValue>
        <preferredEditor>legacy</preferredEditor>
        <offlineEnabled>false</offlineEnabled>
    </rule>
    <roleMap public="true">
        <role allowForAll="false" inherit="true" name="readers">
            <users/>
            <groups/>
        </role>
        <role allowForAll="false" inherit="true" name="authors">
            <users/>
            <groups/>
        </role>
        <role allowForAll="false" inherit="true" name="administrators">
            <users/>
            <groups/>
        </role>
        <role allowForAll="false" inherit="false" name="denyReaders">
            <users/>
            <groups/>
        </role>
        <role allowForAll="false" inherit="false" name="denyAuthors">
            <users/>
            <groups/>
        </role>
        <role allowForAll="false" inherit="false" name="denyAdministrators">
            <users/>
            <groups/>
        </role>
    </roleMap>
</contentHaul>
