<?xml version="1.0" encoding="UTF-8" standalone="yes"?>
<contentHaul xmlns:a="http://www.appian.com/ae/types/2009">
    <rule>
        <name>CASE_APP_recordRowEach</name>
        <uuid>_a-0000dc2d-0392-8000-7e42-01ef9001ef90_4203</uuid>
        <description></description>
        <parentUuid>_a-0000d9f1-8353-8000-9ba2-011c48011c48_10351</parentUuid>
        <visibility>
            <advertise>false</advertise>
            <hierarchy>true</hierarchy>
            <indexable>true</indexable>
            <quota>false</quota>
            <searchable>true</searchable>
            <system>false</system>
            <unlogged>false</unlogged>
        </visibility>
        <definition>load(&#xD;
  local!selectedValues,&#xD;
  #&quot;SYSTEM_SYSRULES_gridRowLayout&quot;(&#xD;
    id: ri!index,&#xD;
    contents: {&#xD;
      #&quot;SYSTEM_SYSRULES_dropdownField&quot;(&#xD;
        label: &quot;Record Type &quot;&amp; ri!index,&#xD;
        choiceLabels: #&quot;_a-0000d9b9-6309-8000-9ba2-011c48011c48_1464&quot;,&#xD;
        choiceValues: #&quot;_a-0000d9b9-6309-8000-9ba2-011c48011c48_1464&quot;,&#xD;
        placeholderLabel: &quot;-- Select a Record Type --&quot;,&#xD;
        required: true,&#xD;
        value: ri!recordRows[ri!index].selectedRecordName,&#xD;
        saveInto: {&#xD;
          ri!recordRows[ri!index].selectedRecordName,&#xD;
          a!save(&#xD;
            ri!recordRows[ri!index].recordIndex,&#xD;
            wherecontains(ri!recordRows[ri!index].selectedRecordName, #&quot;_a-0000d9b9-6309-8000-9ba2-011c48011c48_1464&quot;)&#xD;
          ),&#xD;
          a!save(&#xD;
            ri!recordRows[ri!index].recordType,&#xD;
            #&quot;SYSTEM_SYSRULES_toJson&quot;(#&quot;_a-0000d9b9-6309-8000-9ba2-011c48011c48_1466&quot;[wherecontains(ri!recordRows[ri!index].selectedRecordName, #&quot;_a-0000d9b9-6309-8000-9ba2-011c48011c48_1464&quot;)])&#xD;
          ),&#xD;
          a!save(&#xD;
            ri!recordRows[ri!index].searchFields,&#xD;
            if(#&quot;_a-0000d9a9-eb56-8000-9e06-010000010000_751&quot;(save!value),&#xD;
              null,&#xD;
              #&quot;_a-0000d9b9-6309-8000-9ba2-011c48011c48_1476&quot;(wherecontains(ri!recordRows[ri!index].selectedRecordName, #&quot;_a-0000d9b9-6309-8000-9ba2-011c48011c48_1464&quot;))&#xD;
            )&#xD;
          ),&#xD;
          a!save(&#xD;
            ri!recordRows[ri!index].primaryKeyField,&#xD;
            #&quot;_a-0000d9b9-6309-8000-9ba2-011c48011c48_1467&quot;[wherecontains(ri!recordRows[ri!index].selectedRecordName, #&quot;_a-0000d9b9-6309-8000-9ba2-011c48011c48_1464&quot;)]&#xD;
          ),&#xD;
          a!save(&#xD;
            local!selectedValues,&#xD;
            null&#xD;
          )&#xD;
        }&#xD;
      ),&#xD;
      /*a!richTextDisplayField(*/&#xD;
      /*  label: &quot;Data&quot;,*/&#xD;
      /*  value: {*/&#xD;
      /*    a!richTextItem(*/&#xD;
      /*      text: &quot;ri!recordRows[ri!index].selectedRecordName: &quot; &amp; ri!recordRows[ri!index].selectedRecordName &amp; char(10),*/&#xD;
      /*      style: &quot;NORMAL&quot;*/&#xD;
      /*    ),*/&#xD;
      /*    a!richTextItem(*/&#xD;
      /*      text: &quot;ri!recordRows[ri!index].recordIndex: &quot; &amp; ri!recordRows[ri!index].recordIndex &amp; char(10),*/&#xD;
      /*      style: &quot;NORMAL&quot;*/&#xD;
      /*    ),*/&#xD;
      /*    a!richTextItem(*/&#xD;
      /*      text: &quot;ri!recordRows[ri!index].recordType: &quot; &amp; ri!recordRows[ri!index].recordType &amp; char(10),*/&#xD;
      /*      style: &quot;NORMAL&quot;*/&#xD;
      /*    ),*/&#xD;
      /*    a!richTextItem(*/&#xD;
      /*      text: &quot;ri!recordRows[ri!index].searchFields: &quot; &amp; ri!recordRows[ri!index].searchFields &amp; char(10),*/&#xD;
      /*      style: &quot;NORMAL&quot;*/&#xD;
      /*    ),*/&#xD;
      /*    a!richTextItem(*/&#xD;
      /*      text: &quot;ri!recordRows[ri!index].primaryKeyField: &quot; &amp; ri!recordRows[ri!index].primaryKeyField &amp; char(10),*/&#xD;
      /*      style: &quot;NORMAL&quot;*/&#xD;
      /*    ),*/&#xD;
      /*    a!richTextItem(*/&#xD;
      /*      text: &quot;local!selectedValues: &quot; &amp; local!selectedValues &amp; char(10),*/&#xD;
      /*      style: &quot;NORMAL&quot;*/&#xD;
      /*    ),*/&#xD;
      /*  }*/&#xD;
      /*),*/&#xD;
      if(&#xD;
        ri!recordRows[ri!index].selectedRecordName = #&quot;_a-0000d9b9-6309-8000-9ba2-011c48011c48_1464&quot;[2] /* User Picker */,&#xD;
        #&quot;SYSTEM_SYSRULES_pickerFieldUsers&quot;(&#xD;
          label: &quot;records picker &quot; &amp; ri!index,&#xD;
          disabled: #&quot;SYSTEM_SYSRULES_isNullOrEmpty&quot;(ri!recordRows[ri!index].selectedRecordName),&#xD;
          required: true,&#xD;
          value: local!selectedValues,&#xD;
          saveInto: {&#xD;
            local!selectedValues,&#xD;
            a!save(&#xD;
              ri!recordRows[ri!index].recordAssociations,&#xD;
              #&quot;_a-0000d9b9-6309-8000-9ba2-011c48011c48_1960&quot;(&#xD;
                recordType: #&quot;SYSTEM_SYSRULES_fromJson&quot;(ri!recordRows[ri!index].recordType),&#xD;
                recordName: ri!recordRows[ri!index].selectedRecordName,&#xD;
                recordUUID: #&quot;SYSTEM_SYSRULES_fromJson&quot;(ri!recordRows[ri!index].recordType).@attributes.uuid,&#xD;
                identifiers: local!selectedValues&#xD;
              )&#xD;
            )&#xD;
          }&#xD;
        ),&#xD;
        #&quot;6ec7ea86-c593-4d4b-b4b2-3f75b954ffc9&quot;(&#xD;
          label: &quot;records picker &quot; &amp; ri!index,&#xD;
          disabled: #&quot;SYSTEM_SYSRULES_isNullOrEmpty&quot;(ri!recordRows[ri!index].selectedRecordName),&#xD;
          associatedRecords:if(&#xD;
            or(#&quot;SYSTEM_SYSRULES_isNullOrEmpty&quot;(ri!recordRows[ri!index].recordAssociations),count(ri!recordRows[ri!index].recordAssociations)&lt;ri!index),&#xD;
            null,&#xD;
            ri!recordRows[ri!index].recordAssociations&#xD;
          ),&#xD;
          record: if(#&quot;SYSTEM_SYSRULES_isNullOrEmpty&quot;(ri!recordRows[ri!index].recordType), null, #&quot;SYSTEM_SYSRULES_fromJson&quot;(ri!recordRows[ri!index].recordType)),&#xD;
          primaryKeyField: ri!recordRows[ri!index].primaryKeyField,&#xD;
          searchFields: ri!recordRows[ri!index].searchFields,&#xD;
          required: true,&#xD;
          selectedValues: local!selectedValues,&#xD;
          saveInto: {&#xD;
            local!selectedValues,&#xD;
            a!save(&#xD;
              ri!recordRows[ri!index].recordAssociations,&#xD;
              #&quot;_a-0000d9b9-6309-8000-9ba2-011c48011c48_1960&quot;(&#xD;
                recordType: #&quot;SYSTEM_SYSRULES_fromJson&quot;(ri!recordRows[ri!index].recordType),&#xD;
                recordName: ri!recordRows[ri!index].selectedRecordName,&#xD;
                recordUUID: #&quot;SYSTEM_SYSRULES_fromJson&quot;(ri!recordRows[ri!index].recordType).@attributes.uuid,&#xD;
                identifiers: local!selectedValues&#xD;
              )&#xD;
            )&#xD;
          }&#xD;
        )&#xD;
      ),&#xD;
      #&quot;SYSTEM_SYSRULES_imageField&quot;(&#xD;
        label: &quot;delete &quot; &amp; ri!index,&#xD;
        images: #&quot;SYSTEM_SYSRULES_documentImage&quot;(&#xD;
          document: #&quot;SYSTEM_SYSRULES_iconIndicator&quot;(&quot;REMOVE&quot;),&#xD;
          altText: &quot;Remove&quot;,&#xD;
          link: #&quot;SYSTEM_SYSRULES_dynamicLink&quot;(&#xD;
            value: ri!index,&#xD;
            saveInto: {&#xD;
              a!save(ri!recordRows, remove(ri!recordRows, save!value)),&#xD;
              /* When modifying the size of the array used in a!applyComponents,  */&#xD;
              /* make the same change in the &quot;token&quot; array variable               */&#xD;
              a!save(ri!recordsToken, remove(ri!recordsToken, save!value))&#xD;
            }&#xD;
          )&#xD;
        ),&#xD;
        size: &quot;ICON&quot;&#xD;
      )&#xD;
    }&#xD;
  )&#xD;
)</definition>
        <namedTypedValue>
            <name>recordRows</name>
            <type>
                <name>CASE_APP_RecordPickerData?list</name>
                <namespace>urn:com:appian:types:CASE_APP</namespace>
            </type>
        </namedTypedValue>
        <namedTypedValue>
            <name>index</name>
            <type>
                <name>int</name>
                <namespace>http://www.w3.org/2001/XMLSchema</namespace>
            </type>
        </namedTypedValue>
        <namedTypedValue>
            <name>recordsToken</name>
            <type>
                <name>Variant</name>
                <namespace>http://www.appian.com/ae/types/2009</namespace>
            </type>
        </namedTypedValue>
        <preferredEditor>interface</preferredEditor>
        <offlineEnabled>false</offlineEnabled>
    </rule>
    <roleMap public="true">
        <role allowForAll="false" inherit="true" name="readers">
            <users/>
            <groups/>
        </role>
        <role allowForAll="false" inherit="true" name="authors">
            <users/>
            <groups/>
        </role>
        <role allowForAll="false" inherit="true" name="administrators">
            <users/>
            <groups/>
        </role>
        <role allowForAll="false" inherit="false" name="denyReaders">
            <users/>
            <groups/>
        </role>
        <role allowForAll="false" inherit="false" name="denyAuthors">
            <users/>
            <groups/>
        </role>
        <role allowForAll="false" inherit="false" name="denyAdministrators">
            <users/>
            <groups/>
        </role>
    </roleMap>
    <typedValue>
        <type>
            <name>RuleTestConfig?list</name>
            <namespace>http://www.appian.com/ae/types/2009</namespace>
        </type>
        <value>
            <el>
                <a:name/>
                <a:ruleInputTestConfigs>
                    <a:value xmlns:xsi="http://www.w3.org/2001/XMLSchema-instance" xsi:type="a:Expression">{
  'type!{urn:com:appian:types:CASE_APP}CASE_APP_RecordPickerData'()
}</a:value>
                    <a:nameRef>recordRows</a:nameRef>
                    <a:id/>
                </a:ruleInputTestConfigs>
                <a:ruleInputTestConfigs>
                    <a:value xmlns:xsd="http://www.w3.org/2001/XMLSchema" xmlns:xsi="http://www.w3.org/2001/XMLSchema-instance" xsi:type="xsd:int">1</a:value>
                    <a:nameRef>index</a:nameRef>
                    <a:id/>
                </a:ruleInputTestConfigs>
                <a:ruleInputTestConfigs>
                    <a:value xmlns:xsi="http://www.w3.org/2001/XMLSchema-instance" xsi:type="a:Expression">{
  'type!{urn:com:appian:types:CASE_APP}CASE_APP_RecordPickerData'()
}</a:value>
                    <a:nameRef>recordsToken</a:nameRef>
                    <a:id/>
                </a:ruleInputTestConfigs>
            </el>
        </value>
    </typedValue>
</contentHaul>
