<?xml version="1.0" encoding="UTF-8" standalone="yes"?>
<contentHaul xmlns:a="http://www.appian.com/ae/types/2009">
    <rule>
        <name>CASE_APP_getCustomerById</name>
        <uuid>_a-0000dbc5-1feb-8000-0315-010000010000_3351</uuid>
        <description>Retrieves a Customer based on its DB id</description>
        <parentUuid>_a-0000d9c4-bcac-8000-9ba2-011c48011c48_5841</parentUuid>
        <visibility>
            <advertise>false</advertise>
            <hierarchy>true</hierarchy>
            <indexable>true</indexable>
            <quota>false</quota>
            <searchable>true</searchable>
            <system>false</system>
            <unlogged>false</unlogged>
        </visibility>
        <definition>cast('type!{urn:com:appian:types:CASE_APP}CASE_APP_Customer', #&quot;SYSTEM_SYSRULES_queryEntity&quot;(
  #&quot;_a-0000d9b9-6309-8000-9ba2-011c48011c48_2099&quot;,
  #&quot;SYSTEM_SYSRULES_query&quot;(
    filter: #&quot;SYSTEM_SYSRULES_queryFilter&quot;(&quot;id&quot;, &quot;=&quot;, ri!customerId),
    pagingInfo: #&quot;SYSTEM_SYSRULES_pagingInfo&quot;(1, 1, null)
  )
).data)</definition>
        <namedTypedValue>
            <name>customerId</name>
            <type>
                <name>int</name>
                <namespace>http://www.w3.org/2001/XMLSchema</namespace>
            </type>
        </namedTypedValue>
        <preferredEditor>legacy</preferredEditor>
        <offlineEnabled>false</offlineEnabled>
    </rule>
    <roleMap public="true">
        <role allowForAll="false" inherit="true" name="readers">
            <users/>
            <groups/>
        </role>
        <role allowForAll="false" inherit="true" name="authors">
            <users/>
            <groups/>
        </role>
        <role allowForAll="false" inherit="true" name="administrators">
            <users/>
            <groups/>
        </role>
        <role allowForAll="false" inherit="false" name="denyReaders">
            <users/>
            <groups/>
        </role>
        <role allowForAll="false" inherit="false" name="denyAuthors">
            <users/>
            <groups/>
        </role>
        <role allowForAll="false" inherit="false" name="denyAdministrators">
            <users/>
            <groups/>
        </role>
    </roleMap>
</contentHaul>
