<?xml version="1.0" encoding="UTF-8" standalone="yes"?>
<contentHaul xmlns:a="http://www.appian.com/ae/types/2009">
    <rule>
        <name>CASE_APP_getAllCustomerFieldsById</name>
        <uuid>_a-0000d9b9-6309-8000-9ba2-011c48011c48_2115</uuid>
        <description>Given a CASE_APP Customer id, get all field values for that customer </description>
        <parentUuid>_a-0000d9c4-bcac-8000-9ba2-011c48011c48_5841</parentUuid>
        <visibility>
            <advertise>false</advertise>
            <hierarchy>true</hierarchy>
            <indexable>true</indexable>
            <quota>false</quota>
            <searchable>true</searchable>
            <system>false</system>
            <unlogged>false</unlogged>
        </visibility>
        <definition> #&quot;SYSTEM_SYSRULES_queryEntity&quot;(
  entity: #&quot;_a-0000d9b9-6309-8000-9ba2-011c48011c48_2099&quot;,
  query: #&quot;SYSTEM_SYSRULES_query&quot;(
    selection: #&quot;SYSTEM_SYSRULES_querySelection&quot;(
      columns: {
        #&quot;SYSTEM_SYSRULES_queryColumn&quot;(
          field: &quot;id&quot;
        ),
        #&quot;SYSTEM_SYSRULES_queryColumn&quot;(
          field: &quot;GlobalID&quot;
        ),
        #&quot;SYSTEM_SYSRULES_queryColumn&quot;(
          field: &quot;Name&quot;
        ),
        #&quot;SYSTEM_SYSRULES_queryColumn&quot;(
          field: &quot;Description&quot;
        ),
        #&quot;SYSTEM_SYSRULES_queryColumn&quot;(
          field: &quot;AccountOwner&quot;
        ),
        #&quot;SYSTEM_SYSRULES_queryColumn&quot;(
          field: &quot;ContactName&quot;
        ),
        #&quot;SYSTEM_SYSRULES_queryColumn&quot;(
          field: &quot;Email&quot;
        ),
        #&quot;SYSTEM_SYSRULES_queryColumn&quot;(
          field: &quot;OfficePhone&quot;
        ),
        #&quot;SYSTEM_SYSRULES_queryColumn&quot;(
          field: &quot;HomePhone&quot;
        ),
        #&quot;SYSTEM_SYSRULES_queryColumn&quot;(
          field: &quot;MobilePhone&quot;
        ),
        #&quot;SYSTEM_SYSRULES_queryColumn&quot;(
          field: &quot;Website&quot;
        ),
        #&quot;SYSTEM_SYSRULES_queryColumn&quot;(
          field: &quot;Status&quot;
        ),
        #&quot;SYSTEM_SYSRULES_queryColumn&quot;(
          field: &quot;ShippingAddress&quot;
        ),
        #&quot;SYSTEM_SYSRULES_queryColumn&quot;(
          field: &quot;BillingAddress&quot;
        ),
        #&quot;SYSTEM_SYSRULES_queryColumn&quot;(
          field: &quot;FolderID&quot;
        ),
        #&quot;SYSTEM_SYSRULES_queryColumn&quot;(
          field: &quot;LogoID&quot;
        ),
        #&quot;SYSTEM_SYSRULES_queryColumn&quot;(
          field: &quot;Industry&quot;
        ),
        #&quot;SYSTEM_SYSRULES_queryColumn&quot;(
          field: &quot;StockTicker&quot;
        ),
        #&quot;SYSTEM_SYSRULES_queryColumn&quot;(
          field: &quot;CustomerSince&quot;
        ),
        #&quot;SYSTEM_SYSRULES_queryColumn&quot;(
          field: &quot;InactiveFlag&quot;
        )			
      }
    ),
    filter: #&quot;SYSTEM_SYSRULES_queryFilter&quot;(
      field: &quot;id&quot;,
      operator: &quot;=&quot;,
      value: ri!cid
    ),
    pagingInfo: #&quot;SYSTEM_SYSRULES_pagingInfo&quot;(
      startIndex: 1,
      batchSize: 1
    )
  )
).data[1]</definition>
        <namedTypedValue>
            <name>cid</name>
            <type>
                <name>int</name>
                <namespace>http://www.w3.org/2001/XMLSchema</namespace>
            </type>
        </namedTypedValue>
        <preferredEditor>legacy</preferredEditor>
        <offlineEnabled>false</offlineEnabled>
    </rule>
    <roleMap public="true">
        <role allowForAll="false" inherit="true" name="readers">
            <users/>
            <groups/>
        </role>
        <role allowForAll="false" inherit="true" name="authors">
            <users/>
            <groups/>
        </role>
        <role allowForAll="false" inherit="true" name="administrators">
            <users/>
            <groups/>
        </role>
        <role allowForAll="false" inherit="false" name="denyReaders">
            <users/>
            <groups/>
        </role>
        <role allowForAll="false" inherit="false" name="denyAuthors">
            <users/>
            <groups/>
        </role>
        <role allowForAll="false" inherit="false" name="denyAdministrators">
            <users/>
            <groups/>
        </role>
    </roleMap>
</contentHaul>
