<?xml version="1.0" encoding="UTF-8" standalone="yes"?>
<contentHaul xmlns:a="http://www.appian.com/ae/types/2009">
    <rule>
        <name>CASE_APP_safeUserLink</name>
        <uuid>_a-0000d9df-3187-8000-9ba2-011c48011c48_8325</uuid>
        <description>Checks for null or non-existent users. If valid user, returns the userRecordLink</description>
        <parentUuid>_a-0000d9b9-6309-8000-9ba2-011c48011c48_1981</parentUuid>
        <visibility>
            <advertise>false</advertise>
            <hierarchy>true</hierarchy>
            <indexable>true</indexable>
            <quota>false</quota>
            <searchable>true</searchable>
            <system>false</system>
            <unlogged>false</unlogged>
        </visibility>
        <definition>= if(
  or(
    #&quot;_a-0000d9a9-eb56-8000-9e06-010000010000_751&quot;(
      ri!user
    ),
    not(
      isusernametaken(
        ri!user
      )
    )
  ),
  null,
  #&quot;SYSTEM_SYSRULES_userRecordLink&quot;(
    user: ri!user
  )
)</definition>
        <namedTypedValue>
            <name>user</name>
            <type>
                <name>User</name>
                <namespace>http://www.appian.com/ae/types/2009</namespace>
            </type>
        </namedTypedValue>
        <preferredEditor>legacy</preferredEditor>
        <offlineEnabled>false</offlineEnabled>
    </rule>
    <roleMap public="true">
        <role allowForAll="false" inherit="true" name="readers">
            <users/>
            <groups/>
        </role>
        <role allowForAll="false" inherit="true" name="authors">
            <users/>
            <groups/>
        </role>
        <role allowForAll="false" inherit="true" name="administrators">
            <users/>
            <groups/>
        </role>
        <role allowForAll="false" inherit="false" name="denyReaders">
            <users/>
            <groups/>
        </role>
        <role allowForAll="false" inherit="false" name="denyAuthors">
            <users/>
            <groups/>
        </role>
        <role allowForAll="false" inherit="false" name="denyAdministrators">
            <users/>
            <groups/>
        </role>
    </roleMap>
</contentHaul>
