<?xml version="1.0" encoding="UTF-8" standalone="yes"?>
<contentHaul xmlns:a="http://www.appian.com/ae/types/2009">
    <rule>
        <name>CASE_APP_MultipleOrderItems</name>
        <uuid>_a-0000d9c4-bcac-8000-9ba2-011c48011c48_6126</uuid>
        <description>Used to multiply the order item unit price by the quantity and apply taxes</description>
        <parentUuid>_a-0000d9c4-bcac-8000-9ba2-011c48011c48_5996</parentUuid>
        <visibility>
            <advertise>false</advertise>
            <hierarchy>true</hierarchy>
            <indexable>true</indexable>
            <quota>false</quota>
            <searchable>true</searchable>
            <system>false</system>
            <unlogged>false</unlogged>
        </visibility>
        <definition>if(
  ri!OrderItem.Taxed = true(),
  (
    ri!OrderItem.Quantity * ri!OrderItem.OrderItemUnitPrice
  ) + (
    ri!OrderItem.Quantity * ri!OrderItem.OrderItemUnitPrice
  ) * ri!taxRate,
  ri!OrderItem.Quantity * ri!OrderItem.OrderItemUnitPrice
)</definition>
        <namedTypedValue>
            <name>taxRate</name>
            <type>
                <name>double</name>
                <namespace>http://www.w3.org/2001/XMLSchema</namespace>
            </type>
        </namedTypedValue>
        <namedTypedValue>
            <name>OrderItem</name>
            <type>
                <name>Variant</name>
                <namespace>http://www.appian.com/ae/types/2009</namespace>
            </type>
        </namedTypedValue>
        <preferredEditor>legacy</preferredEditor>
        <offlineEnabled>false</offlineEnabled>
    </rule>
    <roleMap public="true">
        <role allowForAll="false" inherit="true" name="readers">
            <users/>
            <groups/>
        </role>
        <role allowForAll="false" inherit="true" name="authors">
            <users/>
            <groups/>
        </role>
        <role allowForAll="false" inherit="true" name="administrators">
            <users/>
            <groups/>
        </role>
        <role allowForAll="false" inherit="false" name="denyReaders">
            <users/>
            <groups/>
        </role>
        <role allowForAll="false" inherit="false" name="denyAuthors">
            <users/>
            <groups/>
        </role>
        <role allowForAll="false" inherit="false" name="denyAdministrators">
            <users/>
            <groups/>
        </role>
    </roleMap>
</contentHaul>
