<?xml version="1.0" encoding="UTF-8" standalone="yes"?>
<contentHaul xmlns:a="http://www.appian.com/ae/types/2009">
    <rule>
        <name>CASE_APP_DynamicLinktoProduct</name>
        <uuid>_a-0000d9c4-bcac-8000-9ba2-011c48011c48_6077</uuid>
        <description>Used in the order grid, find products feature to create a column of dynamic links that when selected will return a full Product detail</description>
        <parentUuid>_a-0000d9c4-bcac-8000-9ba2-011c48011c48_5996</parentUuid>
        <visibility>
            <advertise>false</advertise>
            <hierarchy>true</hierarchy>
            <indexable>true</indexable>
            <quota>false</quota>
            <searchable>true</searchable>
            <system>false</system>
            <unlogged>false</unlogged>
        </visibility>
        <definition>= #&quot;SYSTEM_SYSRULES_dynamicLink&quot;(
  label: &quot;Select Product&quot;,
  value: 'type!{urn:com:appian:types:CASE_APP}CASE_APP_OrderItem'(
    OrderItemUnitPrice: #&quot;_a-0000d9c4-bcac-8000-9ba2-011c48011c48_4326&quot;(
      ri!productID
    ).price,
    Product: #&quot;_a-0000d9c4-bcac-8000-9ba2-011c48011c48_4326&quot;(
      ri!productID
    ),
    Quantity: 1,
    Taxed: true()
  ),
  saveInto: {
    ri!OrderItem,
    a!save(ri!nameSearch, null),
    a!save(ri!skuSearch, null),
    a!save(ri!categoryFilter, null),
    a!save(ri!showGrid, true)
  }
)</definition>
        <namedTypedValue>
            <name>productID</name>
            <type>
                <name>int</name>
                <namespace>http://www.w3.org/2001/XMLSchema</namespace>
            </type>
        </namedTypedValue>
        <namedTypedValue>
            <name>OrderItem</name>
            <type>
                <name>Variant</name>
                <namespace>http://www.appian.com/ae/types/2009</namespace>
            </type>
        </namedTypedValue>
        <namedTypedValue>
            <name>nameSearch</name>
            <type>
                <name>Save</name>
                <namespace>http://www.appian.com/ae/types/2009</namespace>
            </type>
            <value/>
        </namedTypedValue>
        <namedTypedValue>
            <name>skuSearch</name>
            <type>
                <name>Save</name>
                <namespace>http://www.appian.com/ae/types/2009</namespace>
            </type>
            <value/>
        </namedTypedValue>
        <namedTypedValue>
            <name>categoryFilter</name>
            <type>
                <name>Save</name>
                <namespace>http://www.appian.com/ae/types/2009</namespace>
            </type>
            <value/>
        </namedTypedValue>
        <namedTypedValue>
            <name>showGrid</name>
            <type>
                <name>Save</name>
                <namespace>http://www.appian.com/ae/types/2009</namespace>
            </type>
            <value/>
        </namedTypedValue>
        <preferredEditor>legacy</preferredEditor>
        <offlineEnabled>false</offlineEnabled>
    </rule>
    <roleMap public="true">
        <role allowForAll="false" inherit="true" name="readers">
            <users/>
            <groups/>
        </role>
        <role allowForAll="false" inherit="true" name="authors">
            <users/>
            <groups/>
        </role>
        <role allowForAll="false" inherit="true" name="administrators">
            <users/>
            <groups/>
        </role>
        <role allowForAll="false" inherit="false" name="denyReaders">
            <users/>
            <groups/>
        </role>
        <role allowForAll="false" inherit="false" name="denyAuthors">
            <users/>
            <groups/>
        </role>
        <role allowForAll="false" inherit="false" name="denyAdministrators">
            <users/>
            <groups/>
        </role>
    </roleMap>
</contentHaul>
