<?xml version="1.0" encoding="UTF-8" standalone="yes"?>
<contentHaul xmlns:a="http://www.appian.com/ae/types/2009">
    <rule>
        <name>CASE_APP_getPortalReportColumn</name>
        <uuid>_a-0000da5f-caaa-8000-9ba2-011c48011c48_2897</uuid>
        <description>Utility expression used to retrieve a column of information to be displayed in a Gird Layout field.</description>
        <parentUuid>_a-0000da5f-caaa-8000-9ba2-011c48011c48_2880</parentUuid>
        <visibility>
            <advertise>false</advertise>
            <hierarchy>true</hierarchy>
            <indexable>true</indexable>
            <quota>false</quota>
            <searchable>true</searchable>
            <system>false</system>
            <unlogged>false</unlogged>
        </visibility>
        <definition>=with(
  local!columnData: index(ri!data, ri!columnConfig.field, {}),
  local!columnDataCount: count(local!columnData),
  if(ri!columnConfig.configuredFormatting=&quot;PRIORITY_ICON&quot;,
    #&quot;SYSTEM_SYSRULES_gridImageColumn&quot;(
      label: ri!columnConfig.label,
      field: ri!columnConfig.field,
      data:if(#&quot;_a-0000d9b9-6309-8000-9ba2-011c48011c48_1982&quot;(ri!data),
        {},
        apply(
          #&quot;_a-0000da5f-caaa-8000-9ba2-011c48011c48_2941&quot;(
            local!columnData,
            _
          ),
          1 + enumerate(local!columnDataCount)
        )
      ),
      size:&quot;ICON&quot;
    ),
    #&quot;SYSTEM_SYSRULES_gridTextColumn&quot;(
      label: ri!columnConfig.label,
      field: ri!columnConfig.field,
      data: if(
        local!columnDataCount &gt; 0,
        apply(
          #&quot;_a-0000da5f-caaa-8000-9ba2-011c48011c48_2909&quot;(
            ri!columnConfig.configuredFormatting,
            local!columnData,
            _
          ),
          1 + enumerate(local!columnDataCount)
        ),
        {}
      ),
      links: if(and(
        ri!showLink,
        ri!columnConfig.configuredDrilldown = &quot;TASK_DETAILS&quot;),
        apply(
          #&quot;SYSTEM_SYSRULES_processTaskLink&quot;(task: _),
          index(ri!data, ri!columnConfig.drilldownField, {})
        ),
        null
      )
    )
  )
)
</definition>
        <namedTypedValue>
            <name>columnConfig</name>
            <type>
                <name>Variant</name>
                <namespace>http://www.appian.com/ae/types/2009</namespace>
            </type>
        </namedTypedValue>
        <namedTypedValue>
            <name>data</name>
            <type>
                <name>Variant</name>
                <namespace>http://www.appian.com/ae/types/2009</namespace>
            </type>
        </namedTypedValue>
        <namedTypedValue>
            <name>showLink</name>
            <type>
                <name>boolean</name>
                <namespace>http://www.w3.org/2001/XMLSchema</namespace>
            </type>
        </namedTypedValue>
        <preferredEditor>legacy</preferredEditor>
        <offlineEnabled>false</offlineEnabled>
    </rule>
    <roleMap public="true">
        <role allowForAll="false" inherit="true" name="readers">
            <users/>
            <groups/>
        </role>
        <role allowForAll="false" inherit="true" name="authors">
            <users/>
            <groups/>
        </role>
        <role allowForAll="false" inherit="true" name="administrators">
            <users/>
            <groups/>
        </role>
        <role allowForAll="false" inherit="false" name="denyReaders">
            <users/>
            <groups/>
        </role>
        <role allowForAll="false" inherit="false" name="denyAuthors">
            <users/>
            <groups/>
        </role>
        <role allowForAll="false" inherit="false" name="denyAdministrators">
            <users/>
            <groups/>
        </role>
    </roleMap>
</contentHaul>
