<?xml version="1.0" encoding="UTF-8" standalone="yes"?>
<contentHaul xmlns:a="http://www.appian.com/ae/types/2009">
    <rule>
        <name>CASE_APP_CustomerDashboard</name>
        <uuid>_a-0000d9a9-8a1d-8000-9e06-010000010000_721</uuid>
        <description>This is the SAIL for the Customer Dashboard for the CASE APP.  It contains basic customer information.</description>
        <parentUuid>_a-0000d9c4-bcac-8000-9ba2-011c48011c48_5839</parentUuid>
        <visibility>
            <advertise>false</advertise>
            <hierarchy>true</hierarchy>
            <indexable>true</indexable>
            <quota>false</quota>
            <searchable>true</searchable>
            <system>false</system>
            <unlogged>false</unlogged>
        </visibility>
        <definition>= load(&#xD;
  local!c: #&quot;_a-0000d9b9-6309-8000-9ba2-011c48011c48_2115&quot;(cid:ri!cid),&#xD;
  local!shippingAddr:fn!stripwith(fn!concat(&#xD;
    local!c.ShippingAddress.Address,&quot;, &quot;,&#xD;
    local!c.ShippingAddress.City,&quot;, &quot;,&#xD;
    local!c.ShippingAddress.State,&quot;, &quot;,&#xD;
    local!c.ShippingAddress.ZIP,&quot;, &quot;,&#xD;
    local!c.ShippingAddress.Country&#xD;
  ),&quot;'&quot;),&#xD;
  local!billingAddr:fn!stripwith(fn!concat(&#xD;
    local!c.BillingAddress.Address,&quot;, &quot;,&#xD;
    local!c.BillingAddress.City,&quot;, &quot;,&#xD;
    local!c.BillingAddress.State,&quot;, &quot;,&#xD;
    local!c.BillingAddress.ZIP,&quot;, &quot;,&#xD;
    local!c.BillingAddress.Country&#xD;
  ),&quot;'&quot;),&#xD;
  #&quot;SYSTEM_SYSRULES_dashboardLayout&quot;(&#xD;
    firstColumnContents: {&#xD;
    	#&quot;_a-0000d9b9-6309-8000-9ba2-011c48011c48_2134&quot;(c:local!c),&#xD;
    	#&quot;_a-0000d9b9-6309-8000-9ba2-011c48011c48_2142&quot;(c:local!c),&#xD;
      #&quot;SYSTEM_SYSRULES_sectionLayout&quot;(&#xD;
        label: &quot;Customer Locations&quot;,&#xD;
        firstColumnContents: {&#xD;
          #&quot;SYSTEM_SYSRULES_richTextDisplayField&quot;(&#xD;
            label:&quot;Shipping Address&quot;,&#xD;
            labelPosition:&quot;ADJACENT&quot;,&#xD;
            value:{&#xD;
              #&quot;SYSTEM_SYSRULES_richTextItem&quot;(text:local!c.ShippingAddress.Address, style:&quot;EMPHASIS&quot;),&#xD;
              &quot;, &quot;&amp;char(10),&#xD;
              #&quot;SYSTEM_SYSRULES_richTextItem&quot;(text:local!c.ShippingAddress.City, style:&quot;EMPHASIS&quot;),&#xD;
              &quot;, &quot;,&#xD;
              #&quot;SYSTEM_SYSRULES_richTextItem&quot;(text:local!c.ShippingAddress.State, style:&quot;EMPHASIS&quot;),&#xD;
              &quot;, &quot;,&#xD;
              #&quot;SYSTEM_SYSRULES_richTextItem&quot;(text:local!c.ShippingAddress.ZIP, style:&quot;EMPHASIS&quot;),&#xD;
              &quot;,&quot;&amp;char(10),&#xD;
              #&quot;SYSTEM_SYSRULES_richTextItem&quot;(text:local!c.ShippingAddress.Country, style:&quot;EMPHASIS&quot;)&#xD;
            }&#xD;
          ),&#xD;
          #&quot;SYSTEM_SYSRULES_linkField&quot;(&#xD;
            label:&quot;Map&quot;,&#xD;
            labelPosition:&quot;ADJACENT&quot;,&#xD;
            links:#&quot;SYSTEM_SYSRULES_safeLink&quot;(label:&quot;View address on map&quot;, uri:#&quot;_a-0000d513-8ab8-8000-3ca7-0a000064044c_20749&quot;(local!shippingAddr))&#xD;
          )&#xD;
        },&#xD;
        secondColumnContents: {&#xD;
          #&quot;SYSTEM_SYSRULES_richTextDisplayField&quot;(&#xD;
            label:&quot;Billing Address&quot;,&#xD;
            labelPosition:&quot;ADJACENT&quot;,&#xD;
            value:{&#xD;
              #&quot;SYSTEM_SYSRULES_richTextItem&quot;(text:local!c.BillingAddress.Address, style:&quot;EMPHASIS&quot;),&#xD;
              &quot;, &quot;&amp;char(10),&#xD;
              #&quot;SYSTEM_SYSRULES_richTextItem&quot;(text:local!c.BillingAddress.City, style:&quot;EMPHASIS&quot;),&#xD;
              &quot;, &quot;,&#xD;
              #&quot;SYSTEM_SYSRULES_richTextItem&quot;(text:local!c.BillingAddress.State, style:&quot;EMPHASIS&quot;),&#xD;
              &quot;, &quot;,&#xD;
              #&quot;SYSTEM_SYSRULES_richTextItem&quot;(text:local!c.BillingAddress.ZIP, style:&quot;EMPHASIS&quot;),&#xD;
              &quot;,&quot;&amp;char(10),&#xD;
              #&quot;SYSTEM_SYSRULES_richTextItem&quot;(text:local!c.BillingAddress.Country, style:&quot;EMPHASIS&quot;)&#xD;
            }&#xD;
          ),&#xD;
          #&quot;SYSTEM_SYSRULES_linkField&quot;(&#xD;
            label:&quot;Map&quot;,&#xD;
            labelPosition:&quot;ADJACENT&quot;,&#xD;
            links:#&quot;SYSTEM_SYSRULES_safeLink&quot;(label:&quot;View address on map&quot;, uri:#&quot;_a-0000d513-8ab8-8000-3ca7-0a000064044c_20749&quot;(local!billingAddr))&#xD;
          )&#xD;
        }&#xD;
      )&#xD;
    }&#xD;
  )&#xD;
)</definition>
        <namedTypedValue>
            <name>cid</name>
            <type>
                <name>int</name>
                <namespace>http://www.w3.org/2001/XMLSchema</namespace>
            </type>
        </namedTypedValue>
        <preferredEditor>interface</preferredEditor>
        <offlineEnabled>false</offlineEnabled>
    </rule>
    <roleMap public="true">
        <role allowForAll="false" inherit="true" name="readers">
            <users/>
            <groups/>
        </role>
        <role allowForAll="false" inherit="true" name="authors">
            <users/>
            <groups/>
        </role>
        <role allowForAll="false" inherit="true" name="administrators">
            <users/>
            <groups/>
        </role>
        <role allowForAll="false" inherit="false" name="denyReaders">
            <users/>
            <groups/>
        </role>
        <role allowForAll="false" inherit="false" name="denyAuthors">
            <users/>
            <groups/>
        </role>
        <role allowForAll="false" inherit="false" name="denyAdministrators">
            <users/>
            <groups/>
        </role>
    </roleMap>
</contentHaul>
