<?xml version="1.0" encoding="UTF-8" standalone="yes"?>
<contentHaul xmlns:a="http://www.appian.com/ae/types/2009">
    <rule>
        <name>CASE_APP_fetchRecord</name>
        <uuid>_a-0000d9b9-6309-8000-9ba2-011c48011c48_1457</uuid>
        <description>Fetches a single record instance (as a Dictionary). If primaryKeyField is null, defaults to &quot;id&quot;. Primary key must be an integer.

If creating a process backed record, create a process variable called &quot;processId&quot; to store the pp!id value and use as a primary key

record: a record type value, likely from a Constant of type Record Type
primaryKeyField: the name of the field that has the @Id annotation in the entityType. If null, defaults to &quot;id&quot;.
primaryKeyValue: the integer primary key value to select.</description>
        <parentUuid>_a-0000da20-55d5-8000-9ba2-011c48011c48_11112</parentUuid>
        <visibility>
            <advertise>false</advertise>
            <hierarchy>true</hierarchy>
            <indexable>true</indexable>
            <quota>false</quota>
            <searchable>true</searchable>
            <system>false</system>
            <unlogged>false</unlogged>
        </visibility>
        <definition>= with(
  local!primaryKeyField: if(
    isnull(ri!primaryKeyField),
    &quot;id&quot;,
    ri!primaryKeyField
  ),
  local!datasubset: if(
    ri!record.@attributes.uuid = &quot;SYSTEM_RECORD_TYPE_USER&quot;,
    todatasubset(
      {
        username: ri!primaryKeyValue
      },
      #&quot;SYSTEM_SYSRULES_pagingInfo&quot;(
        startIndex: 1,
        batchSize: 1
      )
    ),
    queryrecord(
      recordType: ri!record,
      query: #&quot;SYSTEM_SYSRULES_query&quot;(
        filter: #&quot;SYSTEM_SYSRULES_queryFilter&quot;(
          field: local!primaryKeyField,
          operator: &quot;=&quot;,
          value: if(
            isnull(tointeger(ri!primaryKeyValue)),
            ri!primaryKeyValue,
            tointeger(ri!primaryKeyValue)
          )
        ),
        pagingInfo: #&quot;SYSTEM_SYSRULES_pagingInfo&quot;(
          startIndex: 1,
          batchSize: 1
        )
      )
    )
  ),
  if(
    local!datasubset.totalCount &gt; 0,
    local!datasubset.data[1],
    {}
  )
)</definition>
        <namedTypedValue>
            <name>record</name>
            <type>
                <name>RecordType</name>
                <namespace>http://www.appian.com/ae/types/2009</namespace>
            </type>
        </namedTypedValue>
        <namedTypedValue>
            <name>primaryKeyField</name>
            <type>
                <name>string</name>
                <namespace>http://www.w3.org/2001/XMLSchema</namespace>
            </type>
            <value/>
        </namedTypedValue>
        <namedTypedValue>
            <name>primaryKeyValue</name>
            <type>
                <name>string</name>
                <namespace>http://www.w3.org/2001/XMLSchema</namespace>
            </type>
            <value/>
        </namedTypedValue>
        <preferredEditor>legacy</preferredEditor>
        <offlineEnabled>false</offlineEnabled>
    </rule>
    <roleMap public="true">
        <role allowForAll="false" inherit="true" name="readers">
            <users/>
            <groups/>
        </role>
        <role allowForAll="false" inherit="true" name="authors">
            <users/>
            <groups/>
        </role>
        <role allowForAll="false" inherit="true" name="administrators">
            <users/>
            <groups/>
        </role>
        <role allowForAll="false" inherit="false" name="denyReaders">
            <users/>
            <groups/>
        </role>
        <role allowForAll="false" inherit="false" name="denyAuthors">
            <users/>
            <groups/>
        </role>
        <role allowForAll="false" inherit="false" name="denyAdministrators">
            <users/>
            <groups/>
        </role>
    </roleMap>
</contentHaul>
