<?xml version="1.0" encoding="UTF-8" standalone="yes"?>
<contentHaul xmlns:a="http://www.appian.com/ae/types/2009">
    <rule>
        <name>CASE_APP_getAllOrderItemsbyOrderNum</name>
        <uuid>_a-0000d9c4-bcac-8000-9ba2-011c48011c48_7437</uuid>
        <description>Retrieves all Order Items for an order given the Order Number - the UUID for the Order, not the incremented id</description>
        <parentUuid>_a-0000d9c4-bcac-8000-9ba2-011c48011c48_5996</parentUuid>
        <visibility>
            <advertise>false</advertise>
            <hierarchy>true</hierarchy>
            <indexable>true</indexable>
            <quota>false</quota>
            <searchable>true</searchable>
            <system>false</system>
            <unlogged>false</unlogged>
        </visibility>
        <definition>= #&quot;SYSTEM_SYSRULES_queryEntity&quot;(
  entity: #&quot;_a-0000d9c4-bcac-8000-9ba2-011c48011c48_7425&quot;,
  query: #&quot;SYSTEM_SYSRULES_query&quot;(
    selection: #&quot;SYSTEM_SYSRULES_querySelection&quot;(
      columns: {
        #&quot;SYSTEM_SYSRULES_queryColumn&quot;(
          field: &quot;id&quot;
        ),
        #&quot;SYSTEM_SYSRULES_queryColumn&quot;(
          field: &quot;Quantity&quot;
        ),
        #&quot;SYSTEM_SYSRULES_queryColumn&quot;(
          field: &quot;Status&quot;
        ),
        #&quot;SYSTEM_SYSRULES_queryColumn&quot;(
          field: &quot;OrderItemNumber&quot;
        ),
        #&quot;SYSTEM_SYSRULES_queryColumn&quot;(
          field: &quot;OrderItemUnitPrice&quot;
        ),
        #&quot;SYSTEM_SYSRULES_queryColumn&quot;(
          field: &quot;Taxed&quot;
        ),
        #&quot;SYSTEM_SYSRULES_queryColumn&quot;(
          field: &quot;Product&quot;
        )
      }
    ),
    filter: #&quot;SYSTEM_SYSRULES_queryFilter&quot;(
      field: &quot;OrderItemNumber&quot;,
      operator: &quot;=&quot;,
      value: ri!orderNum
    ),
    pagingInfo: #&quot;SYSTEM_SYSRULES_pagingInfo&quot;(
      startIndex: 1,
      batchSize: 500
    )
  )
).data</definition>
        <namedTypedValue>
            <name>orderNum</name>
            <type>
                <name>string</name>
                <namespace>http://www.w3.org/2001/XMLSchema</namespace>
            </type>
            <value/>
        </namedTypedValue>
        <preferredEditor>legacy</preferredEditor>
        <offlineEnabled>false</offlineEnabled>
    </rule>
    <roleMap public="true">
        <role allowForAll="false" inherit="true" name="readers">
            <users/>
            <groups/>
        </role>
        <role allowForAll="false" inherit="true" name="authors">
            <users/>
            <groups/>
        </role>
        <role allowForAll="false" inherit="true" name="administrators">
            <users/>
            <groups/>
        </role>
        <role allowForAll="false" inherit="false" name="denyReaders">
            <users/>
            <groups/>
        </role>
        <role allowForAll="false" inherit="false" name="denyAuthors">
            <users/>
            <groups/>
        </role>
        <role allowForAll="false" inherit="false" name="denyAdministrators">
            <users/>
            <groups/>
        </role>
    </roleMap>
</contentHaul>
