<?xml version="1.0" encoding="UTF-8" standalone="yes"?>
<contentHaul xmlns:a="http://www.appian.com/ae/types/2009">
    <constant>
        <name>CASE_APP_PRODUCT_CATEGORY_CHOICES</name>
        <uuid>_a-0000d9c4-bcac-8000-9ba2-011c48011c48_3808</uuid>
        <description>Text choices to represent CASE_APP product categories and match with keys from cons!CASE_APP_PRODUCT_CATEGORY_KEYS</description>
        <parentUuid>_a-0000d9c4-bcac-8000-9ba2-011c48011c48_5846</parentUuid>
        <visibility>
            <advertise>false</advertise>
            <hierarchy>true</hierarchy>
            <indexable>true</indexable>
            <quota>false</quota>
            <searchable>true</searchable>
            <system>false</system>
            <unlogged>false</unlogged>
        </visibility>
        <typedValue>
            <type>
                <name>Text?list</name>
                <namespace>http://www.appian.com/ae/types/2009</namespace>
            </type>
            <value>
                <el>Telephones   Communication</el>
                <el>Printers, Ink   Toner</el>
                <el>Office Electronics</el>
                <el>Office   School Supplies</el>
                <el>Scanners, Faxes   Copiers</el>
                <el>Office Furniture   Storage</el>
                <el>Paper</el>
            </value>
        </typedValue>
    </constant>
    <roleMap public="true">
        <role allowForAll="false" inherit="true" name="readers">
            <users/>
            <groups/>
        </role>
        <role allowForAll="false" inherit="true" name="authors">
            <users/>
            <groups/>
        </role>
        <role allowForAll="false" inherit="true" name="administrators">
            <users/>
            <groups/>
        </role>
        <role allowForAll="false" inherit="false" name="denyReaders">
            <users/>
            <groups/>
        </role>
        <role allowForAll="false" inherit="false" name="denyAuthors">
            <users/>
            <groups/>
        </role>
        <role allowForAll="false" inherit="false" name="denyAdministrators">
            <users/>
            <groups/>
        </role>
    </roleMap>
</contentHaul>
