<?xml version="1.0" encoding="UTF-8" standalone="yes"?>
<contentHaul xmlns:a="http://www.appian.com/ae/types/2009">
    <rule>
        <name>CASE_APP_GenerateBulkRecordIdentifiers</name>
        <uuid>_a-0000d9b9-6309-8000-9ba2-011c48011c48_2191</uuid>
        <description>Takes in an array of record associations and generates a bulk array of record identifiers from varying record types</description>
        <parentUuid>_a-0000da20-55d5-8000-9ba2-011c48011c48_11112</parentUuid>
        <visibility>
            <advertise>false</advertise>
            <hierarchy>true</hierarchy>
            <indexable>true</indexable>
            <quota>false</quota>
            <searchable>true</searchable>
            <system>false</system>
            <unlogged>false</unlogged>
        </visibility>
        <definition>if(
  length(
    ri!recordAssociations
  ) &lt; 1,
  null,
  if(
    length(
      ri!recordAssociations
    ) &lt; 2,
    #&quot;_a-0000d9b9-6309-8000-9ba2-011c48011c48_2190&quot;(
      ri!recordAssociations[1]
    ),
    if(
      length(
        ri!recordAssociations
      ) &lt; 3,
      append(
        #&quot;_a-0000d9b9-6309-8000-9ba2-011c48011c48_2190&quot;(
          ri!recordAssociations[1]
        ),
        #&quot;_a-0000d9b9-6309-8000-9ba2-011c48011c48_2190&quot;(
          ri!recordAssociations[2]
        )
      ),
      if(
        length(
          ri!recordAssociations
        ) &lt; 4,
        append(
          #&quot;_a-0000d9b9-6309-8000-9ba2-011c48011c48_2190&quot;(
            ri!recordAssociations[1]
          ),
          #&quot;_a-0000d9b9-6309-8000-9ba2-011c48011c48_2190&quot;(
            ri!recordAssociations[2]
          ),
          #&quot;_a-0000d9b9-6309-8000-9ba2-011c48011c48_2190&quot;(
            ri!recordAssociations[3]
          )
        ),
        if(
          length(
            ri!recordAssociations
          ) &lt; 5,
          append(
            #&quot;_a-0000d9b9-6309-8000-9ba2-011c48011c48_2190&quot;(
              ri!recordAssociations[1]
            ),
            #&quot;_a-0000d9b9-6309-8000-9ba2-011c48011c48_2190&quot;(
              ri!recordAssociations[2]
            ),
            #&quot;_a-0000d9b9-6309-8000-9ba2-011c48011c48_2190&quot;(
              ri!recordAssociations[3]
            ),
            #&quot;_a-0000d9b9-6309-8000-9ba2-011c48011c48_2190&quot;(
              ri!recordAssociations[4]
            )
          ),
          if(
            length(
              ri!recordAssociations
            ) &lt; 6,
            append(
              #&quot;_a-0000d9b9-6309-8000-9ba2-011c48011c48_2190&quot;(
                ri!recordAssociations[1]
              ),
              #&quot;_a-0000d9b9-6309-8000-9ba2-011c48011c48_2190&quot;(
                ri!recordAssociations[2]
              ),
              #&quot;_a-0000d9b9-6309-8000-9ba2-011c48011c48_2190&quot;(
                ri!recordAssociations[3]
              ),
              #&quot;_a-0000d9b9-6309-8000-9ba2-011c48011c48_2190&quot;(
                ri!recordAssociations[4]
              ),
              #&quot;_a-0000d9b9-6309-8000-9ba2-011c48011c48_2190&quot;(
                ri!recordAssociations[5]
              )
            ),
            if(
              length(
                ri!recordAssociations
              ) &lt; 7,
              append(
                #&quot;_a-0000d9b9-6309-8000-9ba2-011c48011c48_2190&quot;(
                  ri!recordAssociations[1]
                ),
                #&quot;_a-0000d9b9-6309-8000-9ba2-011c48011c48_2190&quot;(
                  ri!recordAssociations[2]
                ),
                #&quot;_a-0000d9b9-6309-8000-9ba2-011c48011c48_2190&quot;(
                  ri!recordAssociations[3]
                ),
                #&quot;_a-0000d9b9-6309-8000-9ba2-011c48011c48_2190&quot;(
                  ri!recordAssociations[4]
                ),
                #&quot;_a-0000d9b9-6309-8000-9ba2-011c48011c48_2190&quot;(
                  ri!recordAssociations[5]
                ),
                #&quot;_a-0000d9b9-6309-8000-9ba2-011c48011c48_2190&quot;(
                  ri!recordAssociations[6]
                )
              ),
              if(
                length(
                  ri!recordAssociations
                ) &lt; 8,
                append(
                  #&quot;_a-0000d9b9-6309-8000-9ba2-011c48011c48_2190&quot;(
                    ri!recordAssociations[1]
                  ),
                  #&quot;_a-0000d9b9-6309-8000-9ba2-011c48011c48_2190&quot;(
                    ri!recordAssociations[2]
                  ),
                  #&quot;_a-0000d9b9-6309-8000-9ba2-011c48011c48_2190&quot;(
                    ri!recordAssociations[3]
                  ),
                  #&quot;_a-0000d9b9-6309-8000-9ba2-011c48011c48_2190&quot;(
                    ri!recordAssociations[4]
                  ),
                  #&quot;_a-0000d9b9-6309-8000-9ba2-011c48011c48_2190&quot;(
                    ri!recordAssociations[5]
                  ),
                  #&quot;_a-0000d9b9-6309-8000-9ba2-011c48011c48_2190&quot;(
                    ri!recordAssociations[6]
                  ),
                  #&quot;_a-0000d9b9-6309-8000-9ba2-011c48011c48_2190&quot;(
                    ri!recordAssociations[7]
                  )
                ),
                if(
                  length(
                    ri!recordAssociations
                  ) &lt; 9,
                  append(
                    #&quot;_a-0000d9b9-6309-8000-9ba2-011c48011c48_2190&quot;(
                      ri!recordAssociations[1]
                    ),
                    #&quot;_a-0000d9b9-6309-8000-9ba2-011c48011c48_2190&quot;(
                      ri!recordAssociations[2]
                    ),
                    #&quot;_a-0000d9b9-6309-8000-9ba2-011c48011c48_2190&quot;(
                      ri!recordAssociations[3]
                    ),
                    #&quot;_a-0000d9b9-6309-8000-9ba2-011c48011c48_2190&quot;(
                      ri!recordAssociations[4]
                    ),
                    #&quot;_a-0000d9b9-6309-8000-9ba2-011c48011c48_2190&quot;(
                      ri!recordAssociations[5]
                    ),
                    #&quot;_a-0000d9b9-6309-8000-9ba2-011c48011c48_2190&quot;(
                      ri!recordAssociations[6]
                    ),
                    #&quot;_a-0000d9b9-6309-8000-9ba2-011c48011c48_2190&quot;(
                      ri!recordAssociations[7]
                    ),
                    #&quot;_a-0000d9b9-6309-8000-9ba2-011c48011c48_2190&quot;(
                      ri!recordAssociations[8]
                    )
                  ),
                  if(
                    length(
                      ri!recordAssociations
                    ) &lt; 10,
                    append(
                      #&quot;_a-0000d9b9-6309-8000-9ba2-011c48011c48_2190&quot;(
                        ri!recordAssociations[1]
                      ),
                      #&quot;_a-0000d9b9-6309-8000-9ba2-011c48011c48_2190&quot;(
                        ri!recordAssociations[2]
                      ),
                      #&quot;_a-0000d9b9-6309-8000-9ba2-011c48011c48_2190&quot;(
                        ri!recordAssociations[3]
                      ),
                      #&quot;_a-0000d9b9-6309-8000-9ba2-011c48011c48_2190&quot;(
                        ri!recordAssociations[4]
                      ),
                      #&quot;_a-0000d9b9-6309-8000-9ba2-011c48011c48_2190&quot;(
                        ri!recordAssociations[5]
                      ),
                      #&quot;_a-0000d9b9-6309-8000-9ba2-011c48011c48_2190&quot;(
                        ri!recordAssociations[6]
                      ),
                      #&quot;_a-0000d9b9-6309-8000-9ba2-011c48011c48_2190&quot;(
                        ri!recordAssociations[7]
                      ),
                      #&quot;_a-0000d9b9-6309-8000-9ba2-011c48011c48_2190&quot;(
                        ri!recordAssociations[8]
                      ),
                      #&quot;_a-0000d9b9-6309-8000-9ba2-011c48011c48_2190&quot;(
                        ri!recordAssociations[9]
                      )
                    ),
                    if(
                      length(
                        ri!recordAssociations
                      ) &lt; 11,
                      append(
                        #&quot;_a-0000d9b9-6309-8000-9ba2-011c48011c48_2190&quot;(
                          ri!recordAssociations[1]
                        ),
                        #&quot;_a-0000d9b9-6309-8000-9ba2-011c48011c48_2190&quot;(
                          ri!recordAssociations[2]
                        ),
                        #&quot;_a-0000d9b9-6309-8000-9ba2-011c48011c48_2190&quot;(
                          ri!recordAssociations[3]
                        ),
                        #&quot;_a-0000d9b9-6309-8000-9ba2-011c48011c48_2190&quot;(
                          ri!recordAssociations[4]
                        ),
                        #&quot;_a-0000d9b9-6309-8000-9ba2-011c48011c48_2190&quot;(
                          ri!recordAssociations[5]
                        ),
                        #&quot;_a-0000d9b9-6309-8000-9ba2-011c48011c48_2190&quot;(
                          ri!recordAssociations[6]
                        ),
                        #&quot;_a-0000d9b9-6309-8000-9ba2-011c48011c48_2190&quot;(
                          ri!recordAssociations[7]
                        ),
                        #&quot;_a-0000d9b9-6309-8000-9ba2-011c48011c48_2190&quot;(
                          ri!recordAssociations[8]
                        ),
                        #&quot;_a-0000d9b9-6309-8000-9ba2-011c48011c48_2190&quot;(
                          ri!recordAssociations[9]
                        ),
                        #&quot;_a-0000d9b9-6309-8000-9ba2-011c48011c48_2190&quot;(
                          ri!recordAssociations[10]
                        )
                      ),
                      append(
                        #&quot;_a-0000d9b9-6309-8000-9ba2-011c48011c48_2190&quot;(
                          ri!recordAssociations[1]
                        ),
                        #&quot;_a-0000d9b9-6309-8000-9ba2-011c48011c48_2190&quot;(
                          ri!recordAssociations[2]
                        ),
                        #&quot;_a-0000d9b9-6309-8000-9ba2-011c48011c48_2190&quot;(
                          ri!recordAssociations[3]
                        ),
                        #&quot;_a-0000d9b9-6309-8000-9ba2-011c48011c48_2190&quot;(
                          ri!recordAssociations[4]
                        ),
                        #&quot;_a-0000d9b9-6309-8000-9ba2-011c48011c48_2190&quot;(
                          ri!recordAssociations[5]
                        ),
                        #&quot;_a-0000d9b9-6309-8000-9ba2-011c48011c48_2190&quot;(
                          ri!recordAssociations[6]
                        ),
                        #&quot;_a-0000d9b9-6309-8000-9ba2-011c48011c48_2190&quot;(
                          ri!recordAssociations[7]
                        ),
                        #&quot;_a-0000d9b9-6309-8000-9ba2-011c48011c48_2190&quot;(
                          ri!recordAssociations[8]
                        ),
                        #&quot;_a-0000d9b9-6309-8000-9ba2-011c48011c48_2190&quot;(
                          ri!recordAssociations[9]
                        ),
                        #&quot;_a-0000d9b9-6309-8000-9ba2-011c48011c48_2190&quot;(
                          ri!recordAssociations[10]
                        )
                      )
                    )
                  )
                )
              )
            )
          )
        )
      )
    )
  )
)</definition>
        <namedTypedValue>
            <name>recordAssociations</name>
            <type>
                <name>Variant</name>
                <namespace>http://www.appian.com/ae/types/2009</namespace>
            </type>
        </namedTypedValue>
        <preferredEditor>legacy</preferredEditor>
        <offlineEnabled>false</offlineEnabled>
    </rule>
    <roleMap public="true">
        <role allowForAll="false" inherit="true" name="readers">
            <users/>
            <groups/>
        </role>
        <role allowForAll="false" inherit="true" name="authors">
            <users/>
            <groups/>
        </role>
        <role allowForAll="false" inherit="true" name="administrators">
            <users/>
            <groups/>
        </role>
        <role allowForAll="false" inherit="false" name="denyReaders">
            <users/>
            <groups/>
        </role>
        <role allowForAll="false" inherit="false" name="denyAuthors">
            <users/>
            <groups/>
        </role>
        <role allowForAll="false" inherit="false" name="denyAdministrators">
            <users/>
            <groups/>
        </role>
    </roleMap>
</contentHaul>
