<?xml version="1.0" encoding="UTF-8" standalone="yes"?>
<contentHaul xmlns:a="http://www.appian.com/ae/types/2009">
    <rule>
        <name>CASE_APP_SR_uiChartCasesByStatus</name>
        <uuid>a3093848-adcc-4981-b555-d16e43088843</uuid>
        <description>Shows all CSR cases by Status in a column bar chart.</description>
        <parentUuid>_a-0000da89-b5e9-8000-9ba2-011c48011c48_3881</parentUuid>
        <visibility>
            <advertise>false</advertise>
            <hierarchy>true</hierarchy>
            <indexable>true</indexable>
            <quota>false</quota>
            <searchable>true</searchable>
            <system>false</system>
            <unlogged>false</unlogged>
        </visibility>
        <definition>load(
  local!pagingInfo: #&quot;SYSTEM_SYSRULES_pagingInfo&quot;(
    startIndex: 1,
    batchSize: 10,
    sort: #&quot;SYSTEM_SYSRULES_sortInfo&quot;(
      field: &quot;count&quot;,
      ascending: false
    )
  ),
  with(
    local!datasubset: queryrecord(
      #&quot;_a-0000da5f-caaa-8000-9ba2-011c48011c48_2950&quot;,
      #&quot;SYSTEM_SYSRULES_query&quot;(
        aggregation: #&quot;SYSTEM_SYSRULES_queryAggregation&quot;( {
          #&quot;SYSTEM_SYSRULES_queryAggregationColumn&quot;(field: &quot;serviceReqData.status&quot;,alias:&quot;status&quot;,isGrouping:true),
          #&quot;SYSTEM_SYSRULES_queryAggregationColumn&quot;(field: &quot;serviceReqData.id&quot;,alias:&quot;count&quot;, aggregationFunction:&quot;COUNT&quot;),
        }),
        pagingInfo: local!pagingInfo
      )
    ),
    {
      #&quot;SYSTEM_SYSRULES_columnChartField&quot;(
        label:&quot;Customer Service Request Cases by Status&quot;,
        categories:index(local!datasubset.data,&quot;status&quot;,{}),
        series:{
          #&quot;SYSTEM_SYSRULES_chartSeries&quot;(
            label:&quot;Case Status&quot;,
            data:index(local!datasubset.data,&quot;count&quot;,{}),
            links:apply(
              #&quot;SYSTEM_SYSRULES_dynamicLink&quot;(value:_,saveInto:ri!statusFilter),
              index(local!datasubset.data,&quot;status&quot;,{})
            )
          )
        }
      )
    }
  )
)
</definition>
        <namedTypedValue>
            <name>statusFilter</name>
            <type>
                <name>string</name>
                <namespace>http://www.w3.org/2001/XMLSchema</namespace>
            </type>
            <value/>
        </namedTypedValue>
        <preferredEditor>interface</preferredEditor>
        <offlineEnabled>false</offlineEnabled>
    </rule>
    <roleMap public="true">
        <role allowForAll="false" inherit="true" name="readers">
            <users/>
            <groups/>
        </role>
        <role allowForAll="false" inherit="true" name="authors">
            <users/>
            <groups/>
        </role>
        <role allowForAll="false" inherit="true" name="administrators">
            <users/>
            <groups/>
        </role>
        <role allowForAll="false" inherit="false" name="denyReaders">
            <users/>
            <groups/>
        </role>
        <role allowForAll="false" inherit="false" name="denyAuthors">
            <users/>
            <groups/>
        </role>
        <role allowForAll="false" inherit="false" name="denyAdministrators">
            <users/>
            <groups/>
        </role>
    </roleMap>
</contentHaul>
