<?xml version="1.0" encoding="UTF-8" standalone="yes"?>
<contentHaul xmlns:a="http://www.appian.com/ae/types/2009">
    <rule>
        <name>CASE_APP_uiGridTopSalesReps</name>
        <uuid>af1f9e57-2d3e-4dd0-9cce-fbed12aa3a98</uuid>
        <description>Displays a grid with details on top sales representatives by total sales $</description>
        <parentUuid>_a-0000d9c4-bcac-8000-9ba2-011c48011c48_5995</parentUuid>
        <visibility>
            <advertise>false</advertise>
            <hierarchy>true</hierarchy>
            <indexable>true</indexable>
            <quota>false</quota>
            <searchable>true</searchable>
            <system>false</system>
            <unlogged>false</unlogged>
        </visibility>
        <definition>load(
  local!pagingInfo: #&quot;SYSTEM_SYSRULES_pagingInfo&quot;(
    startIndex: 1,
    batchSize: 10,
    sort: #&quot;SYSTEM_SYSRULES_sortInfo&quot;(
      field: &quot;Total&quot;
    )
  ),
  with(
    local!datasubset: #&quot;SYSTEM_SYSRULES_queryEntity&quot;(
      entity: #&quot;_a-0000d9c4-bcac-8000-9ba2-011c48011c48_6305&quot;,
      query: #&quot;SYSTEM_SYSRULES_query&quot;(
        selection: #&quot;SYSTEM_SYSRULES_querySelection&quot;(columns: {
          #&quot;SYSTEM_SYSRULES_queryColumn&quot;(field: &quot;id&quot;),
          #&quot;SYSTEM_SYSRULES_queryColumn&quot;(field: &quot;Customer.AccountOwner&quot;, alias:&quot;AccountOwner&quot;),
          #&quot;SYSTEM_SYSRULES_queryColumn&quot;(field: &quot;Total&quot;),
        }),
        pagingInfo: local!pagingInfo
      )
    ),
    #&quot;SYSTEM_SYSRULES_gridField&quot;(
      label:&quot;Top Sales Reps by Total Sales&quot;,
      totalCount: local!datasubset.totalCount,
      columns: {
        #&quot;SYSTEM_SYSRULES_gridTextColumn&quot;(
          label: &quot;Account Owner&quot;,
          field: &quot;AccountOwner&quot;,
          data: apply(
            #&quot;_a-0000d9b9-6309-8000-9ba2-011c48011c48_1983&quot;,
            index(local!datasubset.data, &quot;AccountOwner&quot;, {})
          ),
          links:apply(
            #&quot;SYSTEM_SYSRULES_userRecordLink&quot;(user:_),
            index(local!datasubset.data, &quot;AccountOwner&quot;, {})
          )
        ),
        #&quot;SYSTEM_SYSRULES_gridTextColumn&quot;(
          label: &quot;Total&quot;,
          field: &quot;Total&quot;,
          data: apply(
            fn!dollar,
            index(local!datasubset.data, &quot;Total&quot;, {})
          )
        )
      },
      value: local!pagingInfo,
      saveInto: local!pagingInfo
    )
  )
)
</definition>
        <preferredEditor>interface</preferredEditor>
        <offlineEnabled>false</offlineEnabled>
    </rule>
    <roleMap public="true">
        <role allowForAll="false" inherit="true" name="readers">
            <users/>
            <groups/>
        </role>
        <role allowForAll="false" inherit="true" name="authors">
            <users/>
            <groups/>
        </role>
        <role allowForAll="false" inherit="true" name="administrators">
            <users/>
            <groups/>
        </role>
        <role allowForAll="false" inherit="false" name="denyReaders">
            <users/>
            <groups/>
        </role>
        <role allowForAll="false" inherit="false" name="denyAuthors">
            <users/>
            <groups/>
        </role>
        <role allowForAll="false" inherit="false" name="denyAdministrators">
            <users/>
            <groups/>
        </role>
    </roleMap>
</contentHaul>
