<?xml version="1.0" encoding="UTF-8" standalone="yes"?>
<contentHaul xmlns:a="http://www.appian.com/ae/types/2009">
    <rule>
        <name>CASE_APP_SR_uiFormReOpenCase</name>
        <uuid>af89f769-ef07-45ec-bd6a-ede993905b0e</uuid>
        <description>Form used in a CSR related action to re-open the case.</description>
        <parentUuid>_a-0000da5f-caaa-8000-9ba2-011c48011c48_2618</parentUuid>
        <visibility>
            <advertise>false</advertise>
            <hierarchy>true</hierarchy>
            <indexable>true</indexable>
            <quota>false</quota>
            <searchable>true</searchable>
            <system>false</system>
            <unlogged>false</unlogged>
        </visibility>
        <definition>/*To Test:
1. Set servicerReq to: type!CASE_APP_ServiceRequest(
  requestNum:&quot;123a-1234&quot;,
  requestDateTime:now(),
  type:&quot;I need help with an Order&quot;,
  relatedCustomer:CASE_APP_getAllCustomerFieldsById(1),
  relatedOrder: CASE_APP_getAllOrderFieldsById(1),
  relatedOrderItemId:1,
  comments:&quot;Sample comments&quot;,
  status:&quot;Solution&quot;,
  id:53051235
)
3. Optionally set relatedOrderItemId
4. Set caseHistory to : type!CASE_APP_CaseHistory()
*/
load(
  local!currentMilestone:#&quot;_a-0000da5f-caaa-8000-9ba2-011c48011c48_2852&quot;(ri!serviceReq.status),
  #&quot;SYSTEM_SYSRULES_formLayout&quot;(
    label: &quot;Re-Open Case: Customer Service Request #&quot;&amp;ri!serviceReq.requestNum,
    instructions: &quot;Please complete the form below&quot;,
    firstColumnContents: {
      #&quot;SYSTEM_SYSRULES_milestoneField&quot;(
        steps:#&quot;_a-0000da5f-caaa-8000-9ba2-011c48011c48_2848&quot;,
        active:local!currentMilestone
      ),
      #&quot;051657d6-8b7d-4398-b529-edffef50deae&quot;(ri!serviceReq,local!currentMilestone),
      #&quot;3125583a-3639-4d2f-afd3-c600a5e07ca6&quot;(recordType: #&quot;_a-0000da5f-caaa-8000-9ba2-011c48011c48_2950&quot;, recordId: ri!serviceReq.id, hideFilters: true),
      #&quot;SYSTEM_SYSRULES_sectionLayout&quot;(
        label:&quot;Re-Open Case Notes&quot;,
        firstColumnContents:{
          #&quot;SYSTEM_SYSRULES_paragraphField&quot;(
            label:&quot;Comments&quot;,
            instructions:&quot;Please indicate your reasons for re-opening the case.&quot;,
            value:ri!caseHistory.notes,
            saveInto:ri!caseHistory.notes,
            required:true
          )
        }
      )
    },
    buttons: #&quot;SYSTEM_SYSRULES_ButtonLayout&quot;(
      primaryButtons: {
        #&quot;SYSTEM_SYSRULES_ButtonWidgetSubmit&quot;(
          label: &quot;Re-Open Case&quot;,
          style: &quot;PRIMARY&quot;,
          saveInto: {
            a!save(target:ri!caseHistory.timestamp, value:now()),
            a!save(target:ri!caseHistory.timestamp, value:now()),
            a!save(target:ri!caseHistory.user, value:#&quot;_a-0000d9b9-6309-8000-9ba2-011c48011c48_1983&quot;(loggedInUser())),
            a!save(target:ri!caseHistory.userTitle, value:&quot;Case Worker&quot;),
            a!save(target:ri!caseHistory.action, value:&quot;Closing Case&quot;),
            a!save(target:ri!caseHistory.parentCaseType, value:#&quot;_a-0000da5f-caaa-8000-9ba2-011c48011c48_2773&quot;),
            a!save(target:ri!caseHistory.parentCaseId, value:ri!serviceReq.id)
          }
        )
      }
    ),
    validations: {}
  )
)</definition>
        <namedTypedValue>
            <name>serviceReq</name>
            <type>
                <name>Variant</name>
                <namespace>http://www.appian.com/ae/types/2009</namespace>
            </type>
        </namedTypedValue>
        <namedTypedValue>
            <name>caseHistory</name>
            <type>
                <name>Variant</name>
                <namespace>http://www.appian.com/ae/types/2009</namespace>
            </type>
        </namedTypedValue>
        <preferredEditor>interface</preferredEditor>
        <offlineEnabled>false</offlineEnabled>
    </rule>
    <roleMap public="true">
        <role allowForAll="false" inherit="true" name="readers">
            <users/>
            <groups/>
        </role>
        <role allowForAll="false" inherit="true" name="authors">
            <users/>
            <groups/>
        </role>
        <role allowForAll="false" inherit="true" name="administrators">
            <users/>
            <groups/>
        </role>
        <role allowForAll="false" inherit="false" name="denyReaders">
            <users/>
            <groups/>
        </role>
        <role allowForAll="false" inherit="false" name="denyAuthors">
            <users/>
            <groups/>
        </role>
        <role allowForAll="false" inherit="false" name="denyAdministrators">
            <users/>
            <groups/>
        </role>
    </roleMap>
</contentHaul>
