<?xml version="1.0" encoding="UTF-8" standalone="yes"?>
<contentHaul xmlns:a="http://www.appian.com/ae/types/2009">
    <rule>
        <name>CASE_APP_ReportDashboardCustomer</name>
        <uuid>cbef1a08-6e52-45a6-85c3-49b6fca3bc47</uuid>
        <description>A customer report dashboard combining several report elements in a single page</description>
        <parentUuid>_a-0000d9c4-bcac-8000-9ba2-011c48011c48_5839</parentUuid>
        <visibility>
            <advertise>false</advertise>
            <hierarchy>true</hierarchy>
            <indexable>true</indexable>
            <quota>false</quota>
            <searchable>true</searchable>
            <system>false</system>
            <unlogged>false</unlogged>
        </visibility>
        <definition>=#&quot;SYSTEM_SYSRULES_dashboardLayout&quot;(
  firstColumnContents: {

    #&quot;SYSTEM_SYSRULES_sectionLayout&quot;(
      firstColumnContents: {
        #&quot;e81714cf-ae63-43b8-916c-7153ea87d7b1&quot;()
      },
      secondColumnContents: {
        #&quot;2b69fc9f-8768-47c2-891c-367954ae718e&quot;()
      }
    ),
    #&quot;327c01c1-7119-468f-9b6a-9e2ecdf7fcae&quot;()
  }
)</definition>
        <preferredEditor>interface</preferredEditor>
        <offlineEnabled>false</offlineEnabled>
    </rule>
    <roleMap public="true">
        <role allowForAll="false" inherit="true" name="readers">
            <users/>
            <groups/>
        </role>
        <role allowForAll="false" inherit="true" name="authors">
            <users/>
            <groups/>
        </role>
        <role allowForAll="false" inherit="true" name="administrators">
            <users/>
            <groups/>
        </role>
        <role allowForAll="false" inherit="false" name="denyReaders">
            <users/>
            <groups/>
        </role>
        <role allowForAll="false" inherit="false" name="denyAuthors">
            <users/>
            <groups/>
        </role>
        <role allowForAll="false" inherit="false" name="denyAdministrators">
            <users/>
            <groups/>
        </role>
    </roleMap>
</contentHaul>
