<?xml version="1.0" encoding="UTF-8" standalone="yes"?>
<contentHaul xmlns:a="http://www.appian.com/ae/types/2009">
    <rule>
        <name>CASE_APP_uiTopProductsForCustomer</name>
        <uuid>cc00a6c2-5f53-479e-885e-c06a4e714675</uuid>
        <description>Displays a grid showing top products by customer</description>
        <parentUuid>_a-0000d9c4-bcac-8000-9ba2-011c48011c48_5839</parentUuid>
        <visibility>
            <advertise>false</advertise>
            <hierarchy>true</hierarchy>
            <indexable>true</indexable>
            <quota>false</quota>
            <searchable>true</searchable>
            <system>false</system>
            <unlogged>false</unlogged>
        </visibility>
        <definition>load(
  local!pagingInfo: #&quot;SYSTEM_SYSRULES_pagingInfo&quot;(
    startIndex: 1,
    batchSize: 10,
    sort: #&quot;SYSTEM_SYSRULES_sortInfo&quot;(
      field: &quot;orderItemQty&quot;,
      ascending: false
    )
  ),
  with(
    local!datasubset: #&quot;SYSTEM_SYSRULES_queryEntity&quot;(
      entity: #&quot;_a-0000da89-b5e9-8000-9ba2-011c48011c48_3190&quot;,
      query: #&quot;SYSTEM_SYSRULES_query&quot;(
        aggregation: #&quot;SYSTEM_SYSRULES_queryAggregation&quot;(aggregationColumns: {
          #&quot;SYSTEM_SYSRULES_queryAggregationColumn&quot;(field: &quot;productId&quot;, isGrouping: true),
          #&quot;SYSTEM_SYSRULES_queryAggregationColumn&quot;(field: &quot;productName&quot;, isGrouping: true),
          #&quot;SYSTEM_SYSRULES_queryAggregationColumn&quot;(field: &quot;productCategory&quot;, isGrouping: true),
          #&quot;SYSTEM_SYSRULES_queryAggregationColumn&quot;(field: &quot;orderItemQty&quot;, aggregationFunction: &quot;SUM&quot;),
          #&quot;SYSTEM_SYSRULES_queryAggregationColumn&quot;(field: &quot;prodTotal&quot;, aggregationFunction: &quot;SUM&quot;),
        }),
        filter:#&quot;SYSTEM_SYSRULES_queryFilter&quot;(
          field:&quot;customerId&quot;,
          operator:&quot;=&quot;,
          value:ri!customerId
        ),
        pagingInfo: local!pagingInfo
      )
    ),
    #&quot;SYSTEM_SYSRULES_sectionLayout&quot;(
      label:&quot;Top Products Purchased&quot;,
      firstColumnContents:{
        #&quot;SYSTEM_SYSRULES_gridField&quot;(
          totalCount: local!datasubset.totalCount,
          columns: {
            #&quot;SYSTEM_SYSRULES_gridTextColumn&quot;(
              label: &quot;Product Name&quot;,
              field: &quot;productName&quot;,
              data: index(local!datasubset.data, &quot;productName&quot;, {}),
              links: apply(
                #&quot;SYSTEM_SYSRULES_recordLink&quot;(
                  recordType:#&quot;_a-0000d9c4-bcac-8000-9ba2-011c48011c48_3830&quot;,
                  identifier:_
                ),
                index(local!datasubset.data, &quot;productId&quot;, {})
              )
            ),
            #&quot;SYSTEM_SYSRULES_gridTextColumn&quot;(
              label: &quot;Product Category&quot;,
              field: &quot;productCategory&quot;,
              data: index(local!datasubset.data, &quot;productCategory&quot;, {})
            ),
            #&quot;SYSTEM_SYSRULES_gridTextColumn&quot;(
              label: &quot;Items Ordered&quot;,
              field: &quot;orderItemQty&quot;,
              data: index(local!datasubset.data, &quot;orderItemQty&quot;, {})
            ),
            #&quot;SYSTEM_SYSRULES_gridTextColumn&quot;(
              label: &quot;Total $ Ordered&quot;,
              field: &quot;prodTotal&quot;,
              data: apply(
                fn!dollar,
                index(local!datasubset.data, &quot;prodTotal&quot;, {})
              )
            )
          },
          value: local!pagingInfo,
          saveInto: local!pagingInfo
        )
      },
      iscollapsible: true
    )
  )
)
</definition>
        <namedTypedValue>
            <name>customerId</name>
            <type>
                <name>int</name>
                <namespace>http://www.w3.org/2001/XMLSchema</namespace>
            </type>
        </namedTypedValue>
        <preferredEditor>interface</preferredEditor>
        <offlineEnabled>false</offlineEnabled>
    </rule>
    <roleMap public="true">
        <role allowForAll="false" inherit="true" name="readers">
            <users/>
            <groups/>
        </role>
        <role allowForAll="false" inherit="true" name="authors">
            <users/>
            <groups/>
        </role>
        <role allowForAll="false" inherit="true" name="administrators">
            <users/>
            <groups/>
        </role>
        <role allowForAll="false" inherit="false" name="denyReaders">
            <users/>
            <groups/>
        </role>
        <role allowForAll="false" inherit="false" name="denyAuthors">
            <users/>
            <groups/>
        </role>
        <role allowForAll="false" inherit="false" name="denyAdministrators">
            <users/>
            <groups/>
        </role>
    </roleMap>
</contentHaul>
