<?xml version="1.0" encoding="UTF-8" standalone="yes"?>
<contentHaul xmlns:a="http://www.appian.com/ae/types/2009">
    <rule>
        <name>CASE_APP_uiChartTopPurchasesByCategoriesForCustomer</name>
        <uuid>f0547768-55ed-40ce-b329-860dd2050c2e</uuid>
        <description>Shows a pie chart displaying the top purchased product categories by customer.</description>
        <parentUuid>_a-0000d9c4-bcac-8000-9ba2-011c48011c48_5839</parentUuid>
        <visibility>
            <advertise>false</advertise>
            <hierarchy>true</hierarchy>
            <indexable>true</indexable>
            <quota>false</quota>
            <searchable>true</searchable>
            <system>false</system>
            <unlogged>false</unlogged>
        </visibility>
        <definition>load(
  local!pagingInfo: #&quot;SYSTEM_SYSRULES_pagingInfo&quot;(
    startIndex: 1,
    batchSize: if(#&quot;_a-0000d9a9-eb56-8000-9e06-010000010000_751&quot;(ri!batchSize),3,ri!batchSize),
    sort: #&quot;SYSTEM_SYSRULES_sortInfo&quot;(
      field: &quot;prodTotal&quot;,
      ascending: false
    )
  ),
  with(
    local!datasubset: #&quot;SYSTEM_SYSRULES_queryEntity&quot;(
      entity: #&quot;_a-0000da89-b5e9-8000-9ba2-011c48011c48_3190&quot;,
      query: #&quot;SYSTEM_SYSRULES_query&quot;(
        aggregation: #&quot;SYSTEM_SYSRULES_queryAggregation&quot;(aggregationColumns: {
          #&quot;SYSTEM_SYSRULES_queryAggregationColumn&quot;(field: &quot;productCategory&quot;, isGrouping: true),
          #&quot;SYSTEM_SYSRULES_queryAggregationColumn&quot;(field: &quot;prodTotal&quot;, aggregationFunction: &quot;SUM&quot;),
        }),
        filter:#&quot;SYSTEM_SYSRULES_queryFilter&quot;(&quot;customerId&quot;,&quot;=&quot;,ri!customerId),
        pagingInfo: local!pagingInfo
      )
    ),
    #&quot;SYSTEM_SYSRULES_pieChartField&quot;(
      label:&quot;Top Product Category Purchases by $&quot;,
      series: apply(
        #&quot;SYSTEM_SYSRULES_chartSeries&quot;(label: _,data: _),
        merge(
          index(local!datasubset.data, &quot;productCategory&quot;, {}),
          index(local!datasubset.data, &quot;prodTotal&quot;, {})
        )
      ),
      showdatalabels: false,
      showtooltips: true,
      showaspercentage: true
    )
  )
)
</definition>
        <namedTypedValue>
            <name>customerId</name>
            <type>
                <name>Variant</name>
                <namespace>http://www.appian.com/ae/types/2009</namespace>
            </type>
        </namedTypedValue>
        <namedTypedValue>
            <name>batchSize</name>
            <type>
                <name>int</name>
                <namespace>http://www.w3.org/2001/XMLSchema</namespace>
            </type>
        </namedTypedValue>
        <preferredEditor>interface</preferredEditor>
        <offlineEnabled>false</offlineEnabled>
    </rule>
    <roleMap public="true">
        <role allowForAll="false" inherit="true" name="readers">
            <users/>
            <groups/>
        </role>
        <role allowForAll="false" inherit="true" name="authors">
            <users/>
            <groups/>
        </role>
        <role allowForAll="false" inherit="true" name="administrators">
            <users/>
            <groups/>
        </role>
        <role allowForAll="false" inherit="false" name="denyReaders">
            <users/>
            <groups/>
        </role>
        <role allowForAll="false" inherit="false" name="denyAuthors">
            <users/>
            <groups/>
        </role>
        <role allowForAll="false" inherit="false" name="denyAdministrators">
            <users/>
            <groups/>
        </role>
    </roleMap>
</contentHaul>
