<?xml version="1.0" encoding="UTF-8" standalone="yes"?>
<contentHaul xmlns:a="http://www.appian.com/ae/types/2009">
    <rule>
        <name>CASE_APP_customerOrdersDashboard</name>
        <uuid>f8b4aa69-38ee-44b4-9c22-74945c38e7ee</uuid>
        <description>Shows order statistics by a customer</description>
        <parentUuid>_a-0000d9c4-bcac-8000-9ba2-011c48011c48_5839</parentUuid>
        <visibility>
            <advertise>false</advertise>
            <hierarchy>true</hierarchy>
            <indexable>true</indexable>
            <quota>false</quota>
            <searchable>true</searchable>
            <system>false</system>
            <unlogged>false</unlogged>
        </visibility>
        <definition>=#&quot;SYSTEM_SYSRULES_dashboardLayout&quot;(
  firstColumnContents: {
    #&quot;SYSTEM_SYSRULES_sectionLayout&quot;(
      label: &quot;Customer Orders&quot;,
      firstColumnContents: {
        #&quot;32051912-c19c-4f83-aaea-b8de61766e09&quot;(
          itemsPerPage: 10, 
          gridLabel: &quot;Orders&quot;,
          gridInstructions: null,
          customerId: rp!id)
      }
    ),
    #&quot;cc00a6c2-5f53-479e-885e-c06a4e714675&quot;(rp!id)
  }
)</definition>
        <preferredEditor>interface</preferredEditor>
        <offlineEnabled>false</offlineEnabled>
    </rule>
    <roleMap public="true">
        <role allowForAll="false" inherit="true" name="readers">
            <users/>
            <groups/>
        </role>
        <role allowForAll="false" inherit="true" name="authors">
            <users/>
            <groups/>
        </role>
        <role allowForAll="false" inherit="true" name="administrators">
            <users/>
            <groups/>
        </role>
        <role allowForAll="false" inherit="false" name="denyReaders">
            <users/>
            <groups/>
        </role>
        <role allowForAll="false" inherit="false" name="denyAuthors">
            <users/>
            <groups/>
        </role>
        <role allowForAll="false" inherit="false" name="denyAdministrators">
            <users/>
            <groups/>
        </role>
    </roleMap>
</contentHaul>
