<?xml version="1.0" encoding="UTF-8" standalone="yes"?>
<tempoFeedHaul xmlns:a="http://www.appian.com/ae/types/2009">
    <tempoFeed>
        <uuid>2072f533-9301-42dd-a7aa-6773d9155525</uuid>
        <name>CASE_APP Update Customer</name>
        <description>This is the update customer feed for CASE_APP</description>
        <showInCatalog>true</showInCatalog>
        <systemFeed>false</systemFeed>
    </tempoFeed>
    <roleMap>
        <role name="administrator">
            <users/>
            <groups>
                <groupUuid>_e-0000d9c4-bcae-8000-9aee-01075c01075c_17</groupUuid>
            </groups>
        </role>
    </roleMap>
</tempoFeedHaul>
