<?xml version="1.0" encoding="UTF-8" standalone="yes"?>
<tempoFeedHaul xmlns:a="http://www.appian.com/ae/types/2009">
    <tempoFeed>
        <uuid>7ae4f33e-d15b-4e21-aa5d-fe72622c3719</uuid>
        <name>CASE_APP Delete Product</name>
        <description>This is the delete product feed for CASE_APP</description>
        <showInCatalog>true</showInCatalog>
        <systemFeed>false</systemFeed>
    </tempoFeed>
    <roleMap>
        <role name="administrator">
            <users/>
            <groups>
                <groupUuid>_e-0000d9c4-bcae-8000-9aee-01075c01075c_17</groupUuid>
            </groups>
        </role>
    </roleMap>
</tempoFeedHaul>
