<?xml version="1.0" encoding="UTF-8" standalone="yes"?>
<tempoFeedHaul xmlns:a="http://www.appian.com/ae/types/2009">
    <tempoFeed>
        <uuid>c21b66bc-6b30-4768-94cd-2c6d4493c98c</uuid>
        <name>Audit History News Feed</name>
        <description>News feed for the Audit History app</description>
        <showInCatalog>true</showInCatalog>
        <systemFeed>false</systemFeed>
    </tempoFeed>
    <roleMap>
        <role name="administrator">
            <users/>
            <groups>
                <groupUuid>_e-0000daa1-9d68-8000-6edf-010000010000_14</groupUuid>
            </groups>
        </role>
    </roleMap>
</tempoFeedHaul>
