<?xml version="1.0" encoding="UTF-8" standalone="yes"?>
<groupHaul xmlns:a="http://www.appian.com/ae/types/2009">
    <group>
        <name>CASE_APP Sales</name>
        <securityMap>SECURITYMAP_PUBLIC</securityMap>
        <uuid>_e-0000d9c4-bcae-8000-9aee-01075c01075c_22</uuid>
        <groupTypeUuid>_f-0000d9ab-7cdd-8000-9e04-010000010000_3</groupTypeUuid>
        <description>Group for all members of the Sales organization</description>
        <delegatedCreation>false</delegatedCreation>
        <memberPolicy>MEMBERPOLICY_CLOSED</memberPolicy>
        <viewingPolicy>VIEWINGPOLICY_LOW</viewingPolicy>
        <attributes/>
    </group>
    <members>
        <users>
            <userUuid>kevin.reed</userUuid>
            <userUuid>debra.harrison</userUuid>
            <userUuid>christopher.harris</userUuid>
            <userUuid>john.rogers</userUuid>
            <userUuid>patricia.johnson</userUuid>
            <userUuid>chris.watkins</userUuid>
            <userUuid>christine.chenal</userUuid>
            <userUuid>joseph.clark</userUuid>
            <userUuid>michael.cooper</userUuid>
            <userUuid>jessica.williams</userUuid>
            <userUuid>robert.ward</userUuid>
            <userUuid>gary.howard</userUuid>
            <userUuid>lisa.walker</userUuid>
            <userUuid>susan.williams</userUuid>
            <userUuid>phillip.sanchez</userUuid>
            <userUuid>stephen.singh</userUuid>
            <userUuid>maria.lopez</userUuid>
            <userUuid>karen.anderson</userUuid>
            <userUuid>george.garcia</userUuid>
            <userUuid>brian.chen</userUuid>
            <userUuid>martin.morgan</userUuid>
            <userUuid>donna.miller</userUuid>
            <userUuid>sharon.white</userUuid>
            <userUuid>sandra.taylor</userUuid>
            <userUuid>carol.wilson</userUuid>
            <userUuid>mary.lawson</userUuid>
            <userUuid>mary.king</userUuid>
            <userUuid>carl.peters</userUuid>
            <userUuid>timothy.kim</userUuid>
        </users>
        <groups/>
    </members>
    <admins>
        <users/>
        <groups>
            <groupUuid>_e-0000d9c4-bcae-8000-9aee-01075c01075c_17</groupUuid>
        </groups>
    </admins>
    <ruleSet/>
</groupHaul>
