<?xml version="1.0" encoding="UTF-8" standalone="yes"?>
<groupHaul xmlns:a="http://www.appian.com/ae/types/2009">
    <group>
        <name>CASE_APP Products</name>
        <securityMap>SECURITYMAP_PUBLIC</securityMap>
        <uuid>_e-0000d9c4-bcae-8000-9aee-01075c01075c_26</uuid>
        <groupTypeUuid>_f-0000d9ab-7cdd-8000-9e04-010000010000_3</groupTypeUuid>
        <description>Group for all members of the Products organization</description>
        <delegatedCreation>false</delegatedCreation>
        <memberPolicy>MEMBERPOLICY_CLOSED</memberPolicy>
        <viewingPolicy>VIEWINGPOLICY_LOW</viewingPolicy>
        <attributes/>
    </group>
    <members>
        <users>
            <userUuid>maria.lopez</userUuid>
            <userUuid>chris.watkins</userUuid>
            <userUuid>christine.chenal</userUuid>
            <userUuid>carol.wilson</userUuid>
            <userUuid>jorge.sanchez</userUuid>
            <userUuid>mary.lawson</userUuid>
            <userUuid>gary.howard</userUuid>
            <userUuid>susan.williams</userUuid>
            <userUuid>phillip.sanchez</userUuid>
            <userUuid>carl.peters</userUuid>
            <userUuid>christopher.harris</userUuid>
        </users>
        <groups>
            <groupUuid>_e-0000d9c4-bcae-8000-9aee-01075c01075c_17</groupUuid>
        </groups>
    </members>
    <admins>
        <users/>
        <groups>
            <groupUuid>_e-0000d9c4-bcae-8000-9aee-01075c01075c_17</groupUuid>
        </groups>
    </admins>
    <ruleSet/>
</groupHaul>
