<?xml version="1.0" encoding="UTF-8" standalone="yes"?>
<applicationHaul xmlns:a="http://www.appian.com/ae/types/2009">
    <application>
        <name>CMF Core</name>
        <uuid>_a-0000da5f-b0b8-8000-9ba2-011c48011c48_12641</uuid>
        <description>Contains all core components of the Case Management App</description>
        <parentUuid>SYSTEM_APPLICATIONS_ROOT</parentUuid>
        <visibility>
            <advertise>false</advertise>
            <hierarchy>true</hierarchy>
            <indexable>true</indexable>
            <quota>false</quota>
            <searchable>true</searchable>
            <system>false</system>
            <unlogged>false</unlogged>
        </visibility>
        <urlIdentifier>case_app_core</urlIdentifier>
        <published>true</published>
        <public>false</public>
        <associatedObjects>
            <globalIdMap>
                <item>
                    <type>datatype</type>
                    <uuids>
                        <uuid>{urn:com:appian:types:CASE_APP}CASE_APP_Customer</uuid>
                        <uuid>{urn:com:appian:types:CASE_APP}CASE_APP_Product</uuid>
                        <uuid>{urn:com:appian:types:CASE_APP}CASE_APP_Order</uuid>
                        <uuid>{urn:com:appian:types:CASE_APP}CASE_APP_ProductShippingDetails</uuid>
                        <uuid>{urn:com:appian:types:CASE_APP}CASE_APP_OrderItem</uuid>
                        <uuid>{urn:com:appian:types:CASE_APP}CASE_APP_AddressType</uuid>
                        <uuid>{urn:com:appian:types:CASE_APP}CASE_APP_CaseHistory</uuid>
                        <uuid>{urn:com:appian:types:CASE_APP}CASE_APP_CaseDocHistory</uuid>
                        <uuid>{urn:com:appian:types:CASE_APP}CASE_APP_RecordAssociation</uuid>
                        <uuid>{urn:com:appian:types:CASE_APP}CASE_APP_CaseDocument</uuid>
                        <uuid>{urn:com:appian:types:CASE_APP}CASE_APP_ServiceRequest</uuid>
                        <uuid>{https://caseappstaging.appiancloud.com/suite/types/}CASE_APP_VW_OrderDetailsByCustomer</uuid>
                        <uuid>{urn:com:appian:types:CASE_APP}CASE_APP_AdHocTasking</uuid>
                        <uuid>{urn:com:appian:types:CASE_APP}CASE_APP_Assignee</uuid>
                        <uuid>{urn:com:appian:types:audit}AH_AuditHistory</uuid>
                        <uuid>{urn:com:appian:types:CASE_APP}CASE_APP_RecordPickerData</uuid>
                    </uuids>
                </item>
                <item>
                    <type>dataStore</type>
                    <uuids>
                        <uuid>_a-0000da5f-b0b8-8000-9ba2-011c48011c48_12642</uuid>
                        <uuid>_a-0000da89-b5e9-8000-9ba2-011c48011c48_3206</uuid>
                        <uuid>_a-0000daa1-9d78-8000-6ee0-010000010000_1019</uuid>
                    </uuids>
                </item>
                <item>
                    <type>user</type>
                    <uuids/>
                </item>
                <item>
                    <type>groupType</type>
                    <uuids>
                        <uuid>_f-0000d9ab-7cdd-8000-9e04-010000010000_3</uuid>
                    </uuids>
                </item>
                <item>
                    <type>group</type>
                    <uuids>
                        <uuid>_e-0000d9c4-bcae-8000-9aee-01075c01075c_16</uuid>
                        <uuid>_e-0000d9c4-bcae-8000-9aee-01075c01075c_17</uuid>
                        <uuid>_e-0000d9c4-bcae-8000-9aee-01075c01075c_26</uuid>
                        <uuid>_e-0000d9c4-bcae-8000-9aee-01075c01075c_25</uuid>
                        <uuid>_e-0000d9c4-bcae-8000-9aee-01075c01075c_24</uuid>
                        <uuid>_e-0000d9c4-bcae-8000-9aee-01075c01075c_22</uuid>
                        <uuid>_e-0000d9c4-bcae-8000-9aee-01075c01075c_23</uuid>
                        <uuid>_e-0000da5f-caa8-8000-9aee-01075c01075c_16</uuid>
                        <uuid>_e-0000da89-b5e6-8000-9aee-01075c01075c_19</uuid>
                        <uuid>_e-0000daa1-9d68-8000-6edf-010000010000_15</uuid>
                        <uuid>_e-0000daa1-9d68-8000-6edf-010000010000_14</uuid>
                    </uuids>
                </item>
                <item>
                    <type>content</type>
                    <uuids>
                        <uuid>935890c1-8959-41d5-98ba-38c21bef652a</uuid>
                        <uuid>_a-0000d9b9-6309-8000-9ba2-011c48011c48_1983</uuid>
                        <uuid>_a-0000d9b8-a7c6-8000-9e06-010000010000_504</uuid>
                        <uuid>_a-0000d9a9-8a1d-8000-9e06-010000010000_719</uuid>
                        <uuid>_a-0000d9c4-bcac-8000-9ba2-011c48011c48_6235</uuid>
                        <uuid>501ae05a-b9c8-4f7f-b80c-cfc4442437d1</uuid>
                        <uuid>_a-0000d9b9-6309-8000-9ba2-011c48011c48_1950</uuid>
                        <uuid>_a-0000d9a9-eb56-8000-9e06-010000010000_751</uuid>
                        <uuid>_a-0000d9b9-6309-8000-9ba2-011c48011c48_2115</uuid>
                        <uuid>_a-0000d9c4-bcac-8000-9ba2-011c48011c48_6201</uuid>
                        <uuid>_a-0000d9c4-bcac-8000-9ba2-011c48011c48_3830</uuid>
                        <uuid>_a-0000d9c4-bcac-8000-9ba2-011c48011c48_6196</uuid>
                        <uuid>_a-0000d9df-3187-8000-9ba2-011c48011c48_9489</uuid>
                        <uuid>f8b4aa69-38ee-44b4-9c22-74945c38e7ee</uuid>
                        <uuid>_a-0000d9c4-bcac-8000-9ba2-011c48011c48_3849</uuid>
                        <uuid>17fb7771-8e88-43fb-aaab-1dace497fb23</uuid>
                        <uuid>_a-0000d9c4-bcac-8000-9ba2-011c48011c48_6306</uuid>
                        <uuid>28747299-7776-4b38-b7ab-e256efc51d9d</uuid>
                        <uuid>_a-0000d9c4-bcac-8000-9ba2-011c48011c48_5393</uuid>
                        <uuid>cdbea1e7-30b9-4e0a-b7b2-34c566bf031c</uuid>
                        <uuid>_a-0000d9c4-bcac-8000-9ba2-011c48011c48_6234</uuid>
                        <uuid>_a-0000d9c4-bcac-8000-9ba2-011c48011c48_6120</uuid>
                        <uuid>_a-0000d9c4-bcac-8000-9ba2-011c48011c48_2691</uuid>
                        <uuid>6cf7e928-52ce-4d04-bc5a-47c459d54711</uuid>
                        <uuid>2cdb4be1-7c23-45b3-83dd-81c22b8d7de3</uuid>
                        <uuid>_a-0000d9c4-bcac-8000-9ba2-011c48011c48_4326</uuid>
                        <uuid>_a-0000d9c4-bcac-8000-9ba2-011c48011c48_6210</uuid>
                        <uuid>14712107-e055-44d4-bd64-8bdfffb842a7</uuid>
                        <uuid>_a-0000d9c4-bcac-8000-9ba2-011c48011c48_6195</uuid>
                        <uuid>1f91132e-3675-45d6-ad5e-3a0c635e71a7</uuid>
                        <uuid>_a-0000d9c4-bcac-8000-9ba2-011c48011c48_3831</uuid>
                        <uuid>_a-0000d9a9-8a1d-8000-9e06-010000010000_721</uuid>
                        <uuid>_a-0000d9c4-bcac-8000-9ba2-011c48011c48_6199</uuid>
                        <uuid>064fed5a-3dcd-427f-90bb-9c6b5d9c16d1</uuid>
                        <uuid>_a-0000d9c4-bcac-8000-9ba2-011c48011c48_6203</uuid>
                        <uuid>_a-0000d9c4-bcac-8000-9ba2-011c48011c48_6190</uuid>
                        <uuid>_a-0000d9c4-bcac-8000-9ba2-011c48011c48_3063</uuid>
                        <uuid>cbef1a08-6e52-45a6-85c3-49b6fca3bc47</uuid>
                        <uuid>_a-0000d9c4-bcac-8000-9ba2-011c48011c48_5436</uuid>
                        <uuid>41cb3b7b-8bdf-4d84-b53d-26611aacdbb1</uuid>
                        <uuid>_a-0000d9c4-bcac-8000-9ba2-011c48011c48_6194</uuid>
                        <uuid>_a-0000d9c4-bcac-8000-9ba2-011c48011c48_6205</uuid>
                        <uuid>_a-0000d9df-3187-8000-9ba2-011c48011c48_9451</uuid>
                        <uuid>_a-0000d9df-3187-8000-9ba2-011c48011c48_9378</uuid>
                        <uuid>e7771886-e1d4-472d-b9a3-44de2ab93413</uuid>
                        <uuid>_a-0000d9c4-bcac-8000-9ba2-011c48011c48_6155</uuid>
                        <uuid>_a-0000d9c4-bcac-8000-9ba2-011c48011c48_6222</uuid>
                        <uuid>1c681954-3308-4fd2-b30d-1c1be921539e</uuid>
                        <uuid>_a-0000d9c4-bcac-8000-9ba2-011c48011c48_6146</uuid>
                        <uuid>_a-0000d9c4-bcac-8000-9ba2-011c48011c48_6197</uuid>
                        <uuid>_a-0000d9c4-bcac-8000-9ba2-011c48011c48_6202</uuid>
                        <uuid>_a-0000d9c4-bcac-8000-9ba2-011c48011c48_3792</uuid>
                        <uuid>9f4012f6-8eab-4827-884e-0c0501db8244</uuid>
                        <uuid>_a-0000d9c4-bcac-8000-9ba2-011c48011c48_5409</uuid>
                        <uuid>_a-0000d9c4-bcac-8000-9ba2-011c48011c48_3808</uuid>
                        <uuid>8af7ef67-8654-48e5-bab2-825cea2dae0f</uuid>
                        <uuid>aca869b8-a362-4c23-9c9b-3b8eba71b1a0</uuid>
                        <uuid>7c34cb8a-4a6e-406f-bfeb-d1e17ad23adb</uuid>
                        <uuid>_a-0000d9c4-bcac-8000-9ba2-011c48011c48_6305</uuid>
                        <uuid>_a-0000d9b9-6309-8000-9ba2-011c48011c48_2099</uuid>
                        <uuid>_a-0000d9b9-57db-8000-9e06-010000010000_831</uuid>
                        <uuid>_a-0000d9c4-bcac-8000-9ba2-011c48011c48_6193</uuid>
                        <uuid>219c0ed6-2675-4fad-b8a3-d447d4c96cea</uuid>
                        <uuid>_a-0000d9df-3187-8000-9ba2-011c48011c48_9377</uuid>
                        <uuid>883b3172-4929-4171-98ef-34f0407545bf</uuid>
                        <uuid>_a-0000d9c4-bcac-8000-9ba2-011c48011c48_4329</uuid>
                        <uuid>_a-0000d9c4-bcac-8000-9ba2-011c48011c48_8248</uuid>
                        <uuid>769503c1-a459-4f96-82e6-7120e9c69fb4</uuid>
                        <uuid>_a-0000d9c4-bcac-8000-9ba2-011c48011c48_3848</uuid>
                        <uuid>2b69fc9f-8768-47c2-891c-367954ae718e</uuid>
                        <uuid>_a-0000d9c4-bcac-8000-9ba2-011c48011c48_6123</uuid>
                        <uuid>_a-0000d9c4-bcac-8000-9ba2-011c48011c48_6188</uuid>
                        <uuid>_a-0000d9c4-bcac-8000-9ba2-011c48011c48_4332</uuid>
                        <uuid>_a-0000d9b9-6309-8000-9ba2-011c48011c48_1640</uuid>
                        <uuid>f6ebce54-e12d-42ee-97b9-b37c3c001125</uuid>
                        <uuid>_a-0000d9b9-6309-8000-9ba2-011c48011c48_1982</uuid>
                        <uuid>32051912-c19c-4f83-aaea-b8de61766e09</uuid>
                        <uuid>f6049858-d4af-4977-bcde-0e31395aa1e8</uuid>
                        <uuid>_a-0000d9b9-6309-8000-9ba2-011c48011c48_2196</uuid>
                        <uuid>13f2c35f-691a-4955-97be-cb23423f0011</uuid>
                        <uuid>_a-0000d9b9-57db-8000-9e06-010000010000_808</uuid>
                        <uuid>d3b95f27-f45a-4d97-812f-ef8de3681197</uuid>
                        <uuid>_a-0000d9b9-6309-8000-9ba2-011c48011c48_2134</uuid>
                        <uuid>_a-0000d9c4-bcac-8000-9ba2-011c48011c48_7437</uuid>
                        <uuid>f453213f-a183-4c3f-a478-fda75de4a0c2</uuid>
                        <uuid>_a-0000d9c4-bcac-8000-9ba2-011c48011c48_6192</uuid>
                        <uuid>_a-0000d9b9-6309-8000-9ba2-011c48011c48_2142</uuid>
                        <uuid>_a-0000d9b9-6309-8000-9ba2-011c48011c48_1981</uuid>
                        <uuid>c7e12438-7dfb-43dd-a925-59a178ef3668</uuid>
                        <uuid>_a-0000d9c4-bcac-8000-9ba2-011c48011c48_3016</uuid>
                        <uuid>799e1fbe-6876-4320-9096-54d3bab97ee2</uuid>
                        <uuid>e81714cf-ae63-43b8-916c-7153ea87d7b1</uuid>
                        <uuid>8174497e-d081-4d34-91e1-e4e39007829c</uuid>
                        <uuid>3c080665-5d73-4dcc-b04a-2bec25d26b79</uuid>
                        <uuid>_a-0000d9c4-bcac-8000-9ba2-011c48011c48_7425</uuid>
                        <uuid>_a-0000d9f1-8353-8000-9ba2-011c48011c48_10351</uuid>
                        <uuid>_a-0000d9c4-bcac-8000-9ba2-011c48011c48_7763</uuid>
                        <uuid>1ffac6f0-8bc9-46ee-b624-5a615fbaf482</uuid>
                        <uuid>_a-0000d9c4-bcac-8000-9ba2-011c48011c48_6126</uuid>
                        <uuid>_a-0000d9a9-eb56-8000-9e06-010000010000_759</uuid>
                        <uuid>_a-0000d9c4-bcac-8000-9ba2-011c48011c48_3836</uuid>
                        <uuid>_a-0000d9c4-bcac-8000-9ba2-011c48011c48_5845</uuid>
                        <uuid>_a-0000d9b8-0d4a-8000-9e06-010000010000_781</uuid>
                        <uuid>_a-0000d9b9-57db-8000-9e06-010000010000_837</uuid>
                        <uuid>_a-0000d9c4-bcac-8000-9ba2-011c48011c48_3839</uuid>
                        <uuid>_a-0000d9c4-bcac-8000-9ba2-011c48011c48_5847</uuid>
                        <uuid>_a-0000d9b9-57db-8000-9e06-010000010000_807</uuid>
                        <uuid>_a-0000d9c4-bcac-8000-9ba2-011c48011c48_5839</uuid>
                        <uuid>_a-0000d9c4-bcac-8000-9ba2-011c48011c48_5996</uuid>
                        <uuid>_a-0000d9c4-bcac-8000-9ba2-011c48011c48_6077</uuid>
                        <uuid>_a-0000d9b5-6c6c-8000-9e06-010000010000_756</uuid>
                        <uuid>_a-0000d9b8-41a7-8000-9e06-010000010000_491</uuid>
                        <uuid>_a-0000d9b9-6309-8000-9ba2-011c48011c48_1456</uuid>
                        <uuid>_a-0000d9b3-b1d0-8000-9e06-010000010000_505</uuid>
                        <uuid>_a-0000d9b9-57db-8000-9e06-010000010000_833</uuid>
                        <uuid>ab580801-c1af-4d06-b716-97abcbdbc239</uuid>
                        <uuid>_a-0000d9b9-6309-8000-9ba2-011c48011c48_2205</uuid>
                        <uuid>_a-0000d9c4-bcac-8000-9ba2-011c48011c48_3844</uuid>
                        <uuid>_a-0000d9f1-8353-8000-9ba2-011c48011c48_10348</uuid>
                        <uuid>a2831e88-c158-4823-9547-f82c0e2126f7</uuid>
                        <uuid>_a-0000d9b9-57db-8000-9e06-010000010000_832</uuid>
                        <uuid>_a-0000d9c4-bcac-8000-9ba2-011c48011c48_5840</uuid>
                        <uuid>_a-0000d9c4-bcac-8000-9ba2-011c48011c48_5995</uuid>
                        <uuid>_a-0000d9c4-bcac-8000-9ba2-011c48011c48_5846</uuid>
                        <uuid>_a-0000d9a9-c707-8000-9e06-010000010000_734</uuid>
                        <uuid>_a-0000d9c4-bcac-8000-9ba2-011c48011c48_5997</uuid>
                        <uuid>_a-0000d9b9-6309-8000-9ba2-011c48011c48_1457</uuid>
                        <uuid>_a-0000d9b9-6309-8000-9ba2-011c48011c48_2093</uuid>
                        <uuid>_a-0000d9b9-6309-8000-9ba2-011c48011c48_1458</uuid>
                        <uuid>_a-0000d9b9-57db-8000-9e06-010000010000_816</uuid>
                        <uuid>db22a1b1-edcb-4c87-a893-14880b22e957</uuid>
                        <uuid>_a-0000d9b9-6309-8000-9ba2-011c48011c48_2200</uuid>
                        <uuid>_a-0000d9c4-bcac-8000-9ba2-011c48011c48_3827</uuid>
                        <uuid>_a-0000d9c4-bcac-8000-9ba2-011c48011c48_5841</uuid>
                        <uuid>_a-0000d9b9-6309-8000-9ba2-011c48011c48_2078</uuid>
                        <uuid>_a-0000d9b9-6309-8000-9ba2-011c48011c48_1672</uuid>
                        <uuid>_a-0000d9b9-57db-8000-9e06-010000010000_806</uuid>
                        <uuid>_a-0000d9b9-6309-8000-9ba2-011c48011c48_1758</uuid>
                        <uuid>_a-0000d9b5-6c6c-8000-9e06-010000010000_767</uuid>
                        <uuid>_a-0000d9c4-bcac-8000-9ba2-011c48011c48_5994</uuid>
                        <uuid>_a-0000d9b9-6309-8000-9ba2-011c48011c48_1541</uuid>
                        <uuid>_a-0000d9c4-bcac-8000-9ba2-011c48011c48_3789</uuid>
                        <uuid>_a-0000d9c4-bcac-8000-9ba2-011c48011c48_3823</uuid>
                        <uuid>_a-0000d9b5-6c6c-8000-9e06-010000010000_770</uuid>
                        <uuid>_a-0000d9b9-6309-8000-9ba2-011c48011c48_1751</uuid>
                        <uuid>_a-0000d9b8-0d4a-8000-9e06-010000010000_782</uuid>
                        <uuid>_a-0000d9b9-6309-8000-9ba2-011c48011c48_2207</uuid>
                        <uuid>_a-0000d9c4-bcac-8000-9ba2-011c48011c48_2965</uuid>
                        <uuid>_a-0000d9b8-41a7-8000-9e06-010000010000_489</uuid>
                        <uuid>_a-0000d9b8-0d4a-8000-9e06-010000010000_784</uuid>
                        <uuid>_a-0000d9b5-6c6c-8000-9e06-010000010000_766</uuid>
                        <uuid>_a-0000d9b5-6c6c-8000-9e06-010000010000_768</uuid>
                        <uuid>_a-0000d9c4-bcac-8000-9ba2-011c48011c48_3838</uuid>
                        <uuid>_a-0000d9b9-6309-8000-9ba2-011c48011c48_1860</uuid>
                        <uuid>_a-0000d9c4-bcac-8000-9ba2-011c48011c48_3822</uuid>
                        <uuid>_a-0000d9c4-bcac-8000-9ba2-011c48011c48_5297</uuid>
                        <uuid>_a-0000da20-55d5-8000-9ba2-011c48011c48_11112</uuid>
                        <uuid>_a-0000d9b8-41a7-8000-9e06-010000010000_490</uuid>
                        <uuid>58e47546-ac24-4c8c-afe4-108162a5724a</uuid>
                        <uuid>_a-0000d9b5-6c6c-8000-9e06-010000010000_764</uuid>
                        <uuid>_a-0000d9b9-6309-8000-9ba2-011c48011c48_1876</uuid>
                        <uuid>_a-0000d9b8-41a7-8000-9e06-010000010000_486</uuid>
                        <uuid>_a-0000d9b9-6309-8000-9ba2-011c48011c48_1757</uuid>
                        <uuid>96e0d627-3c44-424e-8ecf-64f1c07c933d</uuid>
                        <uuid>_a-0000d9b9-6309-8000-9ba2-011c48011c48_1861</uuid>
                        <uuid>_a-0000d4de-5bab-8000-ac7a-680000680000_1765</uuid>
                        <uuid>_a-0000d513-8ab8-8000-3ca7-0a000064044c_20749</uuid>
                        <uuid>0345d6e5-5f06-4f3d-ac96-964aca8dea87</uuid>
                        <uuid>120263d9-3023-4892-acb0-a9a7af7704cf</uuid>
                        <uuid>_a-0000da5f-caaa-8000-9ba2-011c48011c48_2877</uuid>
                        <uuid>_a-0000da5f-caaa-8000-9ba2-011c48011c48_2966</uuid>
                        <uuid>_a-0000da5f-caaa-8000-9ba2-011c48011c48_2970</uuid>
                        <uuid>_a-0000d9c4-bcac-8000-9ba2-011c48011c48_5795</uuid>
                        <uuid>_a-0000da5f-caaa-8000-9ba2-011c48011c48_2880</uuid>
                        <uuid>_a-0000d9c4-bcac-8000-9ba2-011c48011c48_5798</uuid>
                        <uuid>_a-0000d9c4-bcac-8000-9ba2-011c48011c48_5799</uuid>
                        <uuid>_a-0000d9c4-bcac-8000-9ba2-011c48011c48_5797</uuid>
                        <uuid>_a-0000da5f-caaa-8000-9ba2-011c48011c48_2604</uuid>
                        <uuid>_a-0000da5f-caaa-8000-9ba2-011c48011c48_2687</uuid>
                        <uuid>_a-0000da5f-caaa-8000-9ba2-011c48011c48_2888</uuid>
                        <uuid>c00a8d5e-6ce1-46de-8d05-cd92c4b23d31</uuid>
                        <uuid>a8e27521-0f4d-468a-bcf9-ecf3686881bd</uuid>
                        <uuid>_a-0000da5f-caaa-8000-9ba2-011c48011c48_2785</uuid>
                        <uuid>_a-0000da5f-caaa-8000-9ba2-011c48011c48_2788</uuid>
                        <uuid>_a-0000d9c4-bcac-8000-9ba2-011c48011c48_5796</uuid>
                        <uuid>_a-0000d9c4-bcac-8000-9ba2-011c48011c48_5819</uuid>
                        <uuid>_a-0000d9c4-bcac-8000-9ba2-011c48011c48_5815</uuid>
                        <uuid>_a-0000d9c4-bcac-8000-9ba2-011c48011c48_5818</uuid>
                        <uuid>_a-0000d9c4-bcac-8000-9ba2-011c48011c48_5817</uuid>
                        <uuid>_a-0000da5f-caaa-8000-9ba2-011c48011c48_2677</uuid>
                        <uuid>_a-0000da5f-caaa-8000-9ba2-011c48011c48_2678</uuid>
                        <uuid>_a-0000da5f-caaa-8000-9ba2-011c48011c48_2684</uuid>
                        <uuid>4b363796-1752-4c70-ad51-3bc22d5a27f2</uuid>
                        <uuid>_a-0000da5f-caaa-8000-9ba2-011c48011c48_2897</uuid>
                        <uuid>_a-0000da5f-caaa-8000-9ba2-011c48011c48_2898</uuid>
                        <uuid>_a-0000da5f-caaa-8000-9ba2-011c48011c48_2885</uuid>
                        <uuid>_a-0000da5f-caaa-8000-9ba2-011c48011c48_2890</uuid>
                        <uuid>_a-0000da5f-caaa-8000-9ba2-011c48011c48_2889</uuid>
                        <uuid>_a-0000da5f-caaa-8000-9ba2-011c48011c48_2909</uuid>
                        <uuid>_a-0000da5f-caaa-8000-9ba2-011c48011c48_2936</uuid>
                        <uuid>_a-0000da5f-caaa-8000-9ba2-011c48011c48_2937</uuid>
                        <uuid>_a-0000da5f-caaa-8000-9ba2-011c48011c48_2941</uuid>
                        <uuid>680b7c66-3203-4458-9023-8b523a89aae9</uuid>
                        <uuid>6d0b94c1-374a-4090-bb16-9ea3ed219bd6</uuid>
                        <uuid>3ad1404e-fd3d-496a-9033-789297edc4cb</uuid>
                        <uuid>_a-0000da5f-caaa-8000-9ba2-011c48011c48_2607</uuid>
                        <uuid>_a-0000da89-b5e9-8000-9ba2-011c48011c48_3190</uuid>
                        <uuid>c2dcd025-bd55-4a64-ae9d-8a264e46514e</uuid>
                        <uuid>fcc1ec91-4693-4c90-9074-a5f6642b06a8</uuid>
                        <uuid>_a-0000d9f1-8353-8000-9ba2-011c48011c48_10349</uuid>
                        <uuid>_a-0000d9b9-6309-8000-9ba2-011c48011c48_1465</uuid>
                        <uuid>_a-0000d9df-3187-8000-9ba2-011c48011c48_8325</uuid>
                        <uuid>_a-0000da89-b5e9-8000-9ba2-011c48011c48_3548</uuid>
                        <uuid>46ffb1fc-c9a4-4386-a27e-e78e6e308389</uuid>
                        <uuid>_a-0000da89-b5e9-8000-9ba2-011c48011c48_3580</uuid>
                        <uuid>_a-0000da89-b5e9-8000-9ba2-011c48011c48_3514</uuid>
                        <uuid>_a-0000da89-b5e9-8000-9ba2-011c48011c48_3515</uuid>
                        <uuid>_a-0000da89-b5e9-8000-9ba2-011c48011c48_3516</uuid>
                        <uuid>_a-0000da89-b5e9-8000-9ba2-011c48011c48_3518</uuid>
                        <uuid>_a-0000da89-b5e9-8000-9ba2-011c48011c48_3519</uuid>
                        <uuid>_a-0000da89-b5e9-8000-9ba2-011c48011c48_3220</uuid>
                        <uuid>_a-0000da89-b5e9-8000-9ba2-011c48011c48_3222</uuid>
                        <uuid>2b614100-b051-4226-b66f-9449bfa72340</uuid>
                        <uuid>_a-0000da5f-caaa-8000-9ba2-011c48011c48_2881</uuid>
                        <uuid>6ec7ea86-c593-4d4b-b4b2-3f75b954ffc9</uuid>
                        <uuid>_a-0000d9c4-bcac-8000-9ba2-011c48011c48_8038</uuid>
                        <uuid>8b8bfc98-272d-4c58-8c40-85983cc70449</uuid>
                        <uuid>491c66b8-0f82-4215-8039-88f783e3405c</uuid>
                        <uuid>_a-0000d9b9-6309-8000-9ba2-011c48011c48_1960</uuid>
                        <uuid>_a-0000d9c4-bcac-8000-9ba2-011c48011c48_8139</uuid>
                        <uuid>_a-0000d9c4-bcac-8000-9ba2-011c48011c48_6214</uuid>
                        <uuid>_a-0000d9b9-6309-8000-9ba2-011c48011c48_2190</uuid>
                        <uuid>_a-0000d9b9-6309-8000-9ba2-011c48011c48_2191</uuid>
                        <uuid>_a-0000d9b9-6309-8000-9ba2-011c48011c48_1476</uuid>
                        <uuid>_a-0000d9b9-6309-8000-9ba2-011c48011c48_1467</uuid>
                        <uuid>_a-0000d9b9-6309-8000-9ba2-011c48011c48_1464</uuid>
                        <uuid>_a-0000d9b9-6309-8000-9ba2-011c48011c48_1466</uuid>
                        <uuid>_a-0000d9c4-bcac-8000-9ba2-011c48011c48_6179</uuid>
                        <uuid>_a-0000d9c4-bcac-8000-9ba2-011c48011c48_6122</uuid>
                        <uuid>_a-0000d9c4-bcac-8000-9ba2-011c48011c48_8051</uuid>
                        <uuid>_a-0000d9c4-bcac-8000-9ba2-011c48011c48_8048</uuid>
                        <uuid>dcdda2a1-f6f4-4b09-9bc1-4664604a3533</uuid>
                        <uuid>c3db9919-aac8-4cf1-bc26-258df97e9fd2</uuid>
                        <uuid>728bbb47-6617-433f-960d-5bc63cfa5ad9</uuid>
                        <uuid>327c01c1-7119-468f-9b6a-9e2ecdf7fcae</uuid>
                        <uuid>642c11ac-a327-423e-bd2b-1d4931779af4</uuid>
                        <uuid>cc00a6c2-5f53-479e-885e-c06a4e714675</uuid>
                        <uuid>f0547768-55ed-40ce-b329-860dd2050c2e</uuid>
                        <uuid>565d9914-d2af-4204-8954-b178f60c228e</uuid>
                        <uuid>9e433c5f-c4c1-4947-9673-6cce68803bd3</uuid>
                        <uuid>280a7d74-2109-4ef0-90c1-6bd1dddf0cf7</uuid>
                        <uuid>_a-0000da5f-caaa-8000-9ba2-011c48011c48_2613</uuid>
                        <uuid>_a-0000da5f-caaa-8000-9ba2-011c48011c48_2765</uuid>
                        <uuid>_a-0000da5f-caaa-8000-9ba2-011c48011c48_2614</uuid>
                        <uuid>_a-0000da5f-caaa-8000-9ba2-011c48011c48_2744</uuid>
                        <uuid>_a-0000da5f-caaa-8000-9ba2-011c48011c48_2830</uuid>
                        <uuid>_a-0000da5f-caaa-8000-9ba2-011c48011c48_2831</uuid>
                        <uuid>_a-0000da5f-caaa-8000-9ba2-011c48011c48_2832</uuid>
                        <uuid>_a-0000da5f-caaa-8000-9ba2-011c48011c48_2833</uuid>
                        <uuid>_a-0000da5f-caaa-8000-9ba2-011c48011c48_2834</uuid>
                        <uuid>_a-0000da5f-caaa-8000-9ba2-011c48011c48_2835</uuid>
                        <uuid>_a-0000da5f-caaa-8000-9ba2-011c48011c48_2766</uuid>
                        <uuid>_a-0000da89-b5e9-8000-9ba2-011c48011c48_3882</uuid>
                        <uuid>_a-0000da5f-caaa-8000-9ba2-011c48011c48_2615</uuid>
                        <uuid>_a-0000da5f-caaa-8000-9ba2-011c48011c48_2616</uuid>
                        <uuid>_a-0000da5f-caaa-8000-9ba2-011c48011c48_2617</uuid>
                        <uuid>_a-0000da5f-caaa-8000-9ba2-011c48011c48_2618</uuid>
                        <uuid>_a-0000da89-b5e9-8000-9ba2-011c48011c48_3881</uuid>
                        <uuid>_a-0000da5f-caaa-8000-9ba2-011c48011c48_2620</uuid>
                        <uuid>_a-0000da5f-caaa-8000-9ba2-011c48011c48_2630</uuid>
                        <uuid>_a-0000da5f-caaa-8000-9ba2-011c48011c48_2762</uuid>
                        <uuid>_a-0000da5f-caaa-8000-9ba2-011c48011c48_2763</uuid>
                        <uuid>_a-0000da5f-caaa-8000-9ba2-011c48011c48_2768</uuid>
                        <uuid>_a-0000da5f-caaa-8000-9ba2-011c48011c48_2773</uuid>
                        <uuid>_a-0000da5f-caaa-8000-9ba2-011c48011c48_2780</uuid>
                        <uuid>_a-0000da5f-caaa-8000-9ba2-011c48011c48_2836</uuid>
                        <uuid>_a-0000da5f-caaa-8000-9ba2-011c48011c48_2837</uuid>
                        <uuid>_a-0000da5f-caaa-8000-9ba2-011c48011c48_2848</uuid>
                        <uuid>_a-0000da5f-caaa-8000-9ba2-011c48011c48_2950</uuid>
                        <uuid>_a-0000da89-b5e9-8000-9ba2-011c48011c48_3922</uuid>
                        <uuid>_a-0000da89-b5e9-8000-9ba2-011c48011c48_3923</uuid>
                        <uuid>_a-0000da5f-caaa-8000-9ba2-011c48011c48_2749</uuid>
                        <uuid>_a-0000da5f-caaa-8000-9ba2-011c48011c48_2769</uuid>
                        <uuid>_a-0000da5f-caaa-8000-9ba2-011c48011c48_2776</uuid>
                        <uuid>_a-0000da5f-caaa-8000-9ba2-011c48011c48_2826</uuid>
                        <uuid>_a-0000da5f-caaa-8000-9ba2-011c48011c48_2838</uuid>
                        <uuid>_a-0000da5f-caaa-8000-9ba2-011c48011c48_2839</uuid>
                        <uuid>_a-0000da5f-caaa-8000-9ba2-011c48011c48_2852</uuid>
                        <uuid>_a-0000da89-b5e9-8000-9ba2-011c48011c48_3920</uuid>
                        <uuid>a577db91-7d4b-4ebc-b3f0-48564c3ce94a</uuid>
                        <uuid>1780c64a-95dd-4c00-b83f-843a26e2807e</uuid>
                        <uuid>6b45d182-798c-4cbb-9ef4-93103a0610c5</uuid>
                        <uuid>747235e9-8060-436f-85f8-5c1a2fce0b7d</uuid>
                        <uuid>8328117a-7d23-4f27-bcb8-306068f7a080</uuid>
                        <uuid>051657d6-8b7d-4398-b529-edffef50deae</uuid>
                        <uuid>bf5b3b0f-ff3c-4efa-bbd5-e40a3a0982d4</uuid>
                        <uuid>84d8bb0c-8b06-49a4-83fb-0bc26e1c72a2</uuid>
                        <uuid>d6288059-cb9d-47d5-9755-cc1f2c0884a4</uuid>
                        <uuid>9505777e-cfb8-4b3d-890d-1da3b1a65220</uuid>
                        <uuid>fe81fcd1-3d51-4f39-88c7-4ad34c060ca1</uuid>
                        <uuid>fc64a311-c70a-4533-ac04-19091e10c994</uuid>
                        <uuid>4e0cad31-92a9-4bb8-8655-ac243ee68e75</uuid>
                        <uuid>af89f769-ef07-45ec-bd6a-ede993905b0e</uuid>
                        <uuid>2368f26b-1083-4645-926a-bcc43ae16dc0</uuid>
                        <uuid>e41001cc-b64b-4c8e-892a-868900a979aa</uuid>
                        <uuid>2ea28e65-e542-41f1-861d-abde3fe0a9fc</uuid>
                        <uuid>a3093848-adcc-4981-b555-d16e43088843</uuid>
                        <uuid>_a-0000da89-b5e9-8000-9ba2-011c48011c48_3929</uuid>
                        <uuid>_a-0000da89-b5e9-8000-9ba2-011c48011c48_3507</uuid>
                        <uuid>_a-0000da89-b5e9-8000-9ba2-011c48011c48_3512</uuid>
                        <uuid>_a-0000da89-b5e9-8000-9ba2-011c48011c48_3506</uuid>
                        <uuid>_a-0000da89-b5e9-8000-9ba2-011c48011c48_3511</uuid>
                        <uuid>_a-0000da89-b5e9-8000-9ba2-011c48011c48_3508</uuid>
                        <uuid>af1f9e57-2d3e-4dd0-9cce-fbed12aa3a98</uuid>
                        <uuid>_a-0000da89-b5e9-8000-9ba2-011c48011c48_3513</uuid>
                        <uuid>_a-0000da89-b5e9-8000-9ba2-011c48011c48_3815</uuid>
                        <uuid>29674194-7ed2-4a6b-a994-5cb57a7a5b30</uuid>
                        <uuid>_a-0000da89-b5e9-8000-9ba2-011c48011c48_3509</uuid>
                        <uuid>_a-0000da89-b5e9-8000-9ba2-011c48011c48_3510</uuid>
                        <uuid>_a-0000da89-b5e9-8000-9ba2-011c48011c48_4301</uuid>
                        <uuid>_a-0000dac9-8638-8000-9ba2-011c48011c48_5757</uuid>
                        <uuid>_a-0000dac9-8638-8000-9ba2-011c48011c48_5756</uuid>
                        <uuid>02125719-851d-4e63-b9e6-5c381fad080b</uuid>
                        <uuid>_a-0000dac9-8638-8000-9ba2-011c48011c48_5753</uuid>
                        <uuid>4594a8aa-6b04-4f3f-a0e3-10450ee43cd2</uuid>
                        <uuid>_a-0000da89-b5e9-8000-9ba2-011c48011c48_3978</uuid>
                        <uuid>_a-0000d9c4-bcac-8000-9ba2-011c48011c48_6389</uuid>
                        <uuid>_a-0000d9c4-bcac-8000-9ba2-011c48011c48_6390</uuid>
                        <uuid>_a-0000d9c4-bcac-8000-9ba2-011c48011c48_6391</uuid>
                        <uuid>_a-0000da89-b5e9-8000-9ba2-011c48011c48_4457</uuid>
                        <uuid>_a-0000dac9-8638-8000-9ba2-011c48011c48_6116</uuid>
                        <uuid>_a-0000db86-d3ef-8000-0315-010000010000_3341</uuid>
                        <uuid>_a-0000db86-d3ef-8000-0315-010000010000_3399</uuid>
                        <uuid>_a-0000daa1-9d78-8000-6ee0-010000010000_1004</uuid>
                        <uuid>_a-0000daa1-9d78-8000-6ee0-010000010000_1030</uuid>
                        <uuid>_a-0000daa1-9d78-8000-6ee0-010000010000_1136</uuid>
                        <uuid>_a-0000daa1-9d78-8000-6ee0-010000010000_1251</uuid>
                        <uuid>b5bb2eba-74c3-4b84-975e-da91a89743ad</uuid>
                        <uuid>_a-0000daa1-9d78-8000-6ee0-010000010000_1099</uuid>
                        <uuid>58fa0caf-bf58-4080-97d3-09f50cdd92fa</uuid>
                        <uuid>_a-0000daa1-9d78-8000-6ee0-010000010000_1235</uuid>
                        <uuid>_a-0000daa1-9d78-8000-6ee0-010000010000_1053</uuid>
                        <uuid>3125583a-3639-4d2f-afd3-c600a5e07ca6</uuid>
                        <uuid>_a-0000daa1-9d78-8000-6ee0-010000010000_1005</uuid>
                        <uuid>_a-0000daa1-9d78-8000-6ee0-010000010000_1098</uuid>
                        <uuid>_a-0000daa1-9d78-8000-6ee0-010000010000_1006</uuid>
                        <uuid>_a-0000daa1-9d78-8000-6ee0-010000010000_1088</uuid>
                        <uuid>d2ce8a3e-d189-4162-9347-58052d6789f5</uuid>
                        <uuid>_a-0000daa1-9d78-8000-6ee0-010000010000_1389</uuid>
                        <uuid>_a-0000db86-d3ef-8000-0315-010000010000_3491</uuid>
                        <uuid>_a-0000db86-d3ef-8000-0315-010000010000_3605</uuid>
                        <uuid>_a-0000db86-d3ef-8000-0315-010000010000_3606</uuid>
                        <uuid>_a-0000db86-d3ef-8000-0315-010000010000_3994</uuid>
                        <uuid>_a-0000db86-d3ef-8000-0315-010000010000_3996</uuid>
                        <uuid>_a-0000dbc5-1feb-8000-0315-010000010000_3351</uuid>
                        <uuid>_a-0000dbdd-ff10-8000-7918-010000010000_3458</uuid>
                        <uuid>_a-0000dc2d-0392-8000-7e42-01ef9001ef90_4201</uuid>
                        <uuid>_a-0000dc2d-0392-8000-7e42-01ef9001ef90_4203</uuid>
                    </uuids>
                </item>
                <item>
                    <type>forum</type>
                    <uuids/>
                </item>
                <item>
                    <type>processModelFolder</type>
                    <uuids>
                        <uuid>_g-0000d9c4-bcaf-8000-f92f-7f0000014e7a_20</uuid>
                        <uuid>_g-0000d9c4-bcaf-8000-f92f-7f0000014e7a_16</uuid>
                        <uuid>_g-0000d9b9-630d-8000-f92f-7f0000014e7a_9</uuid>
                        <uuid>_g-0000d9aa-f4f9-8000-9e06-010000010000_6</uuid>
                        <uuid>_g-0000da5f-caab-8000-f92f-7f0000014e7a_11</uuid>
                        <uuid>_g-0000da89-b5e9-8000-f92f-7f0000014e7a_14</uuid>
                        <uuid>_g-0000daa1-9d7b-8000-6ee0-010000010000_5</uuid>
                    </uuids>
                </item>
                <item>
                    <type>processModel</type>
                    <uuids>
                        <uuid>0002d9d9-0c43-8000-f92f-7f0000014e7a</uuid>
                        <uuid>000ad9cb-ddef-8000-f92f-7f0000014e7a</uuid>
                        <uuid>0002d9d6-a691-8000-f92f-7f0000014e7a</uuid>
                        <uuid>0009d9cb-f251-8000-f92f-7f0000014e7a</uuid>
                        <uuid>000bd9b9-131e-8000-9e06-010000010000</uuid>
                        <uuid>0009d9e6-2dc4-8000-f92f-7f0000014e7a</uuid>
                        <uuid>000ad9b9-22eb-8000-9e06-010000010000</uuid>
                        <uuid>0009d9ca-bb70-8000-f92f-7f0000014e7a</uuid>
                        <uuid>0008d9ab-08e3-8000-9e06-010000010000</uuid>
                        <uuid>0003daa1-7b50-8000-f92f-7f0000014e7a</uuid>
                        <uuid>0002daa1-de16-8000-f92f-7f0000014e7a</uuid>
                        <uuid>000ada67-7d6e-8000-f92f-7f0000014e7a</uuid>
                        <uuid>0002da74-c035-8000-f92f-7f0000014e7a</uuid>
                        <uuid>0010dacf-cedf-8000-f92f-7f0000014e7a</uuid>
                        <uuid>0004db87-2ec7-8000-0316-010000010000</uuid>
                        <uuid>0008daa9-7422-8000-6ee0-010000010000</uuid>
                        <uuid>0010dab3-000f-8000-6ee0-010000010000</uuid>
                    </uuids>
                </item>
                <item>
                    <type>portlet</type>
                    <uuids/>
                </item>
                <item>
                    <type>page</type>
                    <uuids/>
                </item>
                <item>
                    <type>application</type>
                    <uuids/>
                </item>
                <item>
                    <type>tempoFeed</type>
                    <uuids>
                        <uuid>2072f533-9301-42dd-a7aa-6773d9155525</uuid>
                        <uuid>103c6d69-62d8-48b0-b3ef-83b5dd4010fa</uuid>
                        <uuid>362b2e76-9001-4348-ac85-84ab8be6ebd2</uuid>
                        <uuid>a6b38c85-9955-467e-9d27-6bb2db6d5afd</uuid>
                        <uuid>f7df797e-c738-47c2-86fd-be908f5bac39</uuid>
                        <uuid>7ae4f33e-d15b-4e21-aa5d-fe72622c3719</uuid>
                        <uuid>95097a8b-47fb-40e8-a3d3-a1656566cb4d</uuid>
                        <uuid>5bc30f15-5250-46a6-92ed-d5e77e26e1f2</uuid>
                        <uuid>0189510c-848d-4ee3-8455-b302bfe33a17</uuid>
                        <uuid>a394611c-16ae-4bf0-b032-f66cb6b09b6a</uuid>
                        <uuid>a6c09161-35ff-4760-af02-9a7f47ac4f21</uuid>
                        <uuid>c21b66bc-6b30-4768-94cd-2c6d4493c98c</uuid>
                    </uuids>
                </item>
                <item>
                    <type>recordType</type>
                    <uuids>
                        <uuid>b3b9659c-890b-45b1-89e9-97158d2482dd</uuid>
                        <uuid>7db9a56b-b303-46e1-81c9-c11dfffab8d8</uuid>
                        <uuid>d1ea2edd-4da3-4f0f-a2db-236913478100</uuid>
                        <uuid>9938078a-b8f8-485c-a942-9c96192db48f</uuid>
                        <uuid>SYSTEM_RECORD_TYPE_USER</uuid>
                    </uuids>
                </item>
                <item>
                    <type>tempoReport</type>
                    <uuids>
                        <uuid>a7e21e89-d346-4041-acae-a5f7bb9b6873</uuid>
                        <uuid>8283065a-5c32-45f7-b930-cfe6e7a77dc3</uuid>
                        <uuid>88ab70c4-39f0-4328-8a4c-2fb34231f483</uuid>
                        <uuid>cefecdce-51a5-4a40-a6e8-f694ec93d444</uuid>
                    </uuids>
                </item>
                <item>
                    <type>taskReport</type>
                    <uuids>
                        <uuid>000ee930-9892-4c86-adae-deb7f15d29e3</uuid>
                        <uuid>9a84b4df-a0b6-48f7-bd6a-d9a4989ab0f6</uuid>
                    </uuids>
                </item>
                <item>
                    <type>webApi</type>
                    <uuids>
                        <uuid>0a39de40-5941-4148-beb7-d50f9b4e819f</uuid>
                    </uuids>
                </item>
                <item>
                    <type>site</type>
                    <uuids>
                        <uuid>f8c90ddf-c310-42f3-81dc-e9410d4fd9e7</uuid>
                    </uuids>
                </item>
            </globalIdMap>
        </associatedObjects>
        <applicationNavigation/>
        <applicationActions>
            <action>
                <displayLabel>Create Basic Service Request</displayLabel>
                <description>An offline-enabled basic service request</description>
                <processModelUuid>0004db87-2ec7-8000-0316-010000010000</processModelUuid>
                <actionUuid>bb237abf-63fe-47ab-8153-fde25a240272</actionUuid>
            </action>
            <action>
                <displayLabel>Create New Customer</displayLabel>
                <description>Register a new customer</description>
                <processModelUuid>0008d9ab-08e3-8000-9e06-010000010000</processModelUuid>
                <actionUuid>9f4dc385-4b14-41e8-8378-470c516882c5</actionUuid>
            </action>
            <action>
                <displayLabel>Create New Product</displayLabel>
                <description>Register a new product</description>
                <processModelUuid>0009d9ca-bb70-8000-f92f-7f0000014e7a</processModelUuid>
                <actionUuid>482c7f0b-4646-4c13-bbbe-a867b84904d3</actionUuid>
            </action>
            <action>
                <displayLabel>Create New Order</displayLabel>
                <description>Create a new purchase order for a customer</description>
                <processModelUuid>0002d9d6-a691-8000-f92f-7f0000014e7a</processModelUuid>
                <actionUuid>3d48e7ac-ea84-4360-be3f-c6f795b9b897</actionUuid>
            </action>
            <action>
                <displayLabel>Create New Customer Service Request</displayLabel>
                <description>Creates a new Service Request for a customer</description>
                <processModelUuid>000ada67-7d6e-8000-f92f-7f0000014e7a</processModelUuid>
                <actionUuid>94289ad5-caeb-40d1-8437-f1ede45fa652</actionUuid>
            </action>
        </applicationActions>
        <associatedApplications>
            <globalIdMap>
                <item>
                    <type>datatype</type>
                    <uuids/>
                </item>
                <item>
                    <type>dataStore</type>
                    <uuids/>
                </item>
                <item>
                    <type>user</type>
                    <uuids/>
                </item>
                <item>
                    <type>groupType</type>
                    <uuids/>
                </item>
                <item>
                    <type>group</type>
                    <uuids/>
                </item>
                <item>
                    <type>content</type>
                    <uuids/>
                </item>
                <item>
                    <type>forum</type>
                    <uuids/>
                </item>
                <item>
                    <type>processModelFolder</type>
                    <uuids/>
                </item>
                <item>
                    <type>processModel</type>
                    <uuids/>
                </item>
                <item>
                    <type>portlet</type>
                    <uuids/>
                </item>
                <item>
                    <type>page</type>
                    <uuids/>
                </item>
                <item>
                    <type>application</type>
                    <uuids/>
                </item>
                <item>
                    <type>tempoFeed</type>
                    <uuids/>
                </item>
                <item>
                    <type>recordType</type>
                    <uuids/>
                </item>
                <item>
                    <type>tempoReport</type>
                    <uuids/>
                </item>
                <item>
                    <type>taskReport</type>
                    <uuids/>
                </item>
                <item>
                    <type>webApi</type>
                    <uuids/>
                </item>
                <item>
                    <type>site</type>
                    <uuids/>
                </item>
            </globalIdMap>
        </associatedApplications>
    </application>
    <roleMap>
        <contentRoleMap public="true">
            <role allowForAll="false" inherit="false" name="readers">
                <users/>
                <groups>
                    <groupUuid>_e-0000d9c4-bcae-8000-9aee-01075c01075c_16</groupUuid>
                </groups>
            </role>
            <role allowForAll="false" inherit="false" name="authors">
                <users/>
                <groups>
                    <groupUuid>_e-0000da5f-caa8-8000-9aee-01075c01075c_16</groupUuid>
                </groups>
            </role>
            <role allowForAll="false" inherit="false" name="administrators">
                <users>
                    <userUuid>Administrator</userUuid>
                    <userUuid>jorge.sanchez.s</userUuid>
                </users>
                <groups>
                    <groupUuid>_e-0000d9c4-bcae-8000-9aee-01075c01075c_17</groupUuid>
                </groups>
            </role>
            <role allowForAll="false" inherit="false" name="denyReaders">
                <users/>
                <groups/>
            </role>
            <role allowForAll="false" inherit="false" name="denyAuthors">
                <users/>
                <groups/>
            </role>
            <role allowForAll="false" inherit="false" name="denyAdministrators">
                <users/>
                <groups/>
            </role>
        </contentRoleMap>
    </roleMap>
</applicationHaul>
