<?xml version="1.0" encoding="UTF-8" standalone="yes"?>
<contentHaul xmlns:a="http://www.appian.com/ae/types/2009">
    <rule>
        <name>CASE_APP_SR_uiSectionDetailedSrCasesReport</name>
        <uuid>2368f26b-1083-4645-926a-bcc43ae16dc0</uuid>
        <description></description>
        <parentUuid>_a-0000da89-b5e9-8000-9ba2-011c48011c48_3881</parentUuid>
        <visibility>
            <advertise>false</advertise>
            <hierarchy>true</hierarchy>
            <indexable>true</indexable>
            <quota>false</quota>
            <searchable>true</searchable>
            <system>false</system>
            <unlogged>false</unlogged>
        </visibility>
        <definition>=load(
  local!gridPI1:#&quot;SYSTEM_SYSRULES_pagingInfo&quot;(1,10,#&quot;SYSTEM_SYSRULES_sortInfo&quot;(field:&quot;c2&quot;)),
  with(
    local!srReportData:a!queryProcessAnalytics(
      report:#&quot;_a-0000da89-b5e9-8000-9ba2-011c48011c48_3922&quot;,
      contextProcessModels:#&quot;_a-0000da89-b5e9-8000-9ba2-011c48011c48_3923&quot;,
      query:#&quot;SYSTEM_SYSRULES_query&quot;(
        logicalExpression:if(and(not(#&quot;_a-0000d9a9-eb56-8000-9e06-010000010000_751&quot;(ri!statusFilter)),not(#&quot;_a-0000d9a9-eb56-8000-9e06-010000010000_751&quot;(ri!typeFilter))),
          #&quot;SYSTEM_SYSRULES_queryLogicalExpression&quot;(
            operator:&quot;AND&quot;,
            filters:{
              #&quot;SYSTEM_SYSRULES_queryFilter&quot;(&quot;c10&quot;,&quot;=&quot;,ri!statusFilter),/* Status column in portal report */
              #&quot;SYSTEM_SYSRULES_queryFilter&quot;(&quot;c9&quot;,&quot;=&quot;,ri!typeFilter)/* SR Type column in portal report */
            }
          ),
          null
        ),
        filter:if(or(
          and(#&quot;_a-0000d9a9-eb56-8000-9e06-010000010000_751&quot;(ri!statusFilter),#&quot;_a-0000d9a9-eb56-8000-9e06-010000010000_751&quot;(ri!typeFilter)),
          and(not(#&quot;_a-0000d9a9-eb56-8000-9e06-010000010000_751&quot;(ri!statusFilter)),not(#&quot;_a-0000d9a9-eb56-8000-9e06-010000010000_751&quot;(ri!typeFilter)))),
          null,
          if(#&quot;_a-0000d9a9-eb56-8000-9e06-010000010000_751&quot;(ri!typeFilter),
            #&quot;SYSTEM_SYSRULES_queryFilter&quot;(&quot;c10&quot;,&quot;=&quot;,ri!statusFilter),/* Status column in portal report */
            #&quot;SYSTEM_SYSRULES_queryFilter&quot;(&quot;c9&quot;,&quot;=&quot;,ri!typeFilter)/* SR Type column in portal report */
          )
        ),
        pagingInfo:#&quot;SYSTEM_SYSRULES_pagingInfo&quot;(1,10,null)
      )
    ),
    {
      #&quot;SYSTEM_SYSRULES_sectionLayout&quot;(
        label:&quot;Detailed Customer Service Request Report&quot;,
        firstColumnContents:{
          #&quot;SYSTEM_SYSRULES_dropdownField&quot;(
            label:&quot;Status Filter&quot;,
            choiceLabels:#&quot;_a-0000da5f-caaa-8000-9ba2-011c48011c48_2630&quot;,
            placeholderLabel:&quot;--- Status filter ---&quot;,
            choiceValues:#&quot;_a-0000da5f-caaa-8000-9ba2-011c48011c48_2630&quot;,
            value:ri!statusFilter,
            saveInto:ri!statusFilter
          )
        },
        secondColumnContents:{
          #&quot;SYSTEM_SYSRULES_dropdownField&quot;(
            label:&quot;Type Filter&quot;,
            choiceLabels:#&quot;_a-0000da5f-caaa-8000-9ba2-011c48011c48_2620&quot;,
            placeholderLabel:&quot;--- Type filter ---&quot;,
            choiceValues:#&quot;_a-0000da5f-caaa-8000-9ba2-011c48011c48_2620&quot;,
            value:ri!typeFilter,
            saveInto:ri!typeFilter
          )
        }
      ),
      #&quot;SYSTEM_SYSRULES_gridField&quot;(
        totalCount:local!srReportData.totalCount,
        columns:{
          #&quot;SYSTEM_SYSRULES_gridTextColumn&quot;(
            label:&quot;Request Num&quot;,
            field:&quot;c0&quot;,
            data:index(local!srReportData.data,&quot;c0&quot;,{}),
            links:apply(
              #&quot;SYSTEM_SYSRULES_recordLink&quot;(recordType:#&quot;_a-0000da5f-caaa-8000-9ba2-011c48011c48_2950&quot;,identifier:_),
              index(local!srReportData.data,&quot;dp0&quot;,{})
            )
          ),
          apply(
            #&quot;_a-0000da5f-caaa-8000-9ba2-011c48011c48_2897&quot;(columnConfig:_, data:local!srReportData.data, showLink:true),
            local!srReportData.columnConfigs[{2,3,4,5,6,7}]
          ),
          #&quot;SYSTEM_SYSRULES_gridTextColumn&quot;(
            label:&quot;Related Order&quot;,
            field:&quot;c12&quot;,
            data:index(local!srReportData.data,&quot;c12&quot;,{}),
            links:apply(
              #&quot;SYSTEM_SYSRULES_recordLink&quot;(recordType:#&quot;_a-0000d9c4-bcac-8000-9ba2-011c48011c48_6210&quot;,identifier:_),
              index(local!srReportData.data,&quot;dp12&quot;,{})
            )
          ),
          apply(
            #&quot;_a-0000da5f-caaa-8000-9ba2-011c48011c48_2897&quot;(columnConfig:_, data:local!srReportData.data, showLink:true),
            local!srReportData.columnConfigs[{9,10}]
          )
        },
        value:local!gridPI1,
        saveInto:local!gridPI1
      )
    }
  )
)
</definition>
        <namedTypedValue>
            <name>statusFilter</name>
            <type>
                <name>string</name>
                <namespace>http://www.w3.org/2001/XMLSchema</namespace>
            </type>
            <value/>
        </namedTypedValue>
        <namedTypedValue>
            <name>typeFilter</name>
            <type>
                <name>string</name>
                <namespace>http://www.w3.org/2001/XMLSchema</namespace>
            </type>
            <value/>
        </namedTypedValue>
        <preferredEditor>interface</preferredEditor>
    </rule>
    <roleMap public="true">
        <role allowForAll="false" inherit="true" name="readers">
            <users/>
            <groups/>
        </role>
        <role allowForAll="false" inherit="true" name="authors">
            <users/>
            <groups/>
        </role>
        <role allowForAll="false" inherit="true" name="administrators">
            <users>
                <userUuid>jorge.sanchez</userUuid>
            </users>
            <groups/>
        </role>
        <role allowForAll="false" inherit="false" name="denyReaders">
            <users/>
            <groups/>
        </role>
        <role allowForAll="false" inherit="false" name="denyAuthors">
            <users/>
            <groups/>
        </role>
        <role allowForAll="false" inherit="false" name="denyAdministrators">
            <users/>
            <groups/>
        </role>
    </roleMap>
</contentHaul>
