<?xml version="1.0" encoding="UTF-8" standalone="yes"?>
<contentHaul xmlns:a="http://www.appian.com/ae/types/2009">
    <rule>
        <name>CASE_APP_ReportCustomersByAccountOwner</name>
        <uuid>2b69fc9f-8768-47c2-891c-367954ae718e</uuid>
        <description>A report detailing the customers by each account owner</description>
        <parentUuid>_a-0000d9c4-bcac-8000-9ba2-011c48011c48_5839</parentUuid>
        <visibility>
            <advertise>false</advertise>
            <hierarchy>true</hierarchy>
            <indexable>true</indexable>
            <quota>false</quota>
            <searchable>true</searchable>
            <system>false</system>
            <unlogged>false</unlogged>
        </visibility>
        <definition>load(
  local!pagingInfo: #&quot;SYSTEM_SYSRULES_pagingInfo&quot;(
    startIndex: 1,
    batchSize: 10,
    sort: #&quot;SYSTEM_SYSRULES_sortInfo&quot;(
      field: &quot;id&quot;,
      ascending: false
    )
  ),
  with(
    local!datasubset: queryrecord(
      #&quot;_a-0000d9b8-a7c6-8000-9e06-010000010000_504&quot;,
      #&quot;SYSTEM_SYSRULES_query&quot;(
        aggregation: #&quot;SYSTEM_SYSRULES_queryAggregation&quot;(aggregationColumns: {
          #&quot;SYSTEM_SYSRULES_queryAggregationColumn&quot;(field: &quot;AccountOwner&quot;, isGrouping: true),
          #&quot;SYSTEM_SYSRULES_queryAggregationColumn&quot;(field: &quot;id&quot;, aggregationFunction: &quot;COUNT&quot;),
        }),
        pagingInfo: local!pagingInfo
      )
    ),
    #&quot;SYSTEM_SYSRULES_barChartField&quot;(
      label: &quot;Top Account Reps by Customer Count&quot;,
      
      categories: apply(
        #&quot;_a-0000d9b9-6309-8000-9ba2-011c48011c48_1983&quot;,
        index(local!datasubset.data, &quot;AccountOwner&quot;, {})
      ),
      series: #&quot;SYSTEM_SYSRULES_chartSeries&quot;(
        label: &quot;Customers count&quot;,
        data: index(local!datasubset.data, &quot;id&quot;, {})
      ),
      showlegend: true,
      showdatalabels: false,
      showtooltips: true
    )
  )
)
</definition>
        <preferredEditor>interface</preferredEditor>
    </rule>
    <roleMap public="true">
        <role allowForAll="false" inherit="true" name="readers">
            <users/>
            <groups/>
        </role>
        <role allowForAll="false" inherit="true" name="authors">
            <users/>
            <groups/>
        </role>
        <role allowForAll="false" inherit="true" name="administrators">
            <users>
                <userUuid>malcolm.ross@appian.com</userUuid>
            </users>
            <groups/>
        </role>
        <role allowForAll="false" inherit="false" name="denyReaders">
            <users/>
            <groups/>
        </role>
        <role allowForAll="false" inherit="false" name="denyAuthors">
            <users/>
            <groups/>
        </role>
        <role allowForAll="false" inherit="false" name="denyAdministrators">
            <users/>
            <groups/>
        </role>
    </roleMap>
</contentHaul>
