<?xml version="1.0" encoding="UTF-8" standalone="yes"?>
<contentHaul xmlns:a="http://www.appian.com/ae/types/2009">
    <rule>
        <name>CASE_APP_uiGetTaskAuditTrailForProcess</name>
        <uuid>4b363796-1752-4c70-ad51-3bc22d5a27f2</uuid>
        <description></description>
        <parentUuid>_a-0000da5f-caaa-8000-9ba2-011c48011c48_2880</parentUuid>
        <visibility>
            <advertise>false</advertise>
            <hierarchy>true</hierarchy>
            <indexable>true</indexable>
            <quota>false</quota>
            <searchable>true</searchable>
            <system>false</system>
            <unlogged>false</unlogged>
        </visibility>
        <definition>=load(
  local!gridPI1:#&quot;SYSTEM_SYSRULES_pagingInfo&quot;(1,10,#&quot;SYSTEM_SYSRULES_sortInfo&quot;(field:&quot;c5&quot;)),
  local!gridPI2:#&quot;SYSTEM_SYSRULES_pagingInfo&quot;(1,10,#&quot;SYSTEM_SYSRULES_sortInfo&quot;(field:&quot;c5&quot;)),
  with(
    local!currentTasks:a!queryProcessAnalytics(
      report:#&quot;_a-0000da5f-caaa-8000-9ba2-011c48011c48_2936&quot;,
      contextProcessIds:{ri!processId},
      query:#&quot;SYSTEM_SYSRULES_query&quot;(
        pagingInfo:local!gridPI1
      )
    ),
    local!taskHistory:a!queryProcessAnalytics(
      report:#&quot;_a-0000da5f-caaa-8000-9ba2-011c48011c48_2937&quot;,
      contextProcessIds:{ri!processId},
      query:#&quot;SYSTEM_SYSRULES_query&quot;(
        pagingInfo:local!gridPI2
      )
    ),
    #&quot;SYSTEM_SYSRULES_sectionLayout&quot;(
      label:&quot;Current Tasks and Task Audit Trail&quot;,
      firstColumnContents:{
        #&quot;SYSTEM_SYSRULES_gridField&quot;(
          label:&quot;Current Tasks&quot;,
          totalCount:local!currentTasks.totalCount,
          columns:apply(
            #&quot;_a-0000da5f-caaa-8000-9ba2-011c48011c48_2897&quot;(columnConfig:_, data:local!currentTasks.data, showLink:true),
            local!currentTasks.columnConfigs
          ),
          value:local!gridPI1,
          saveInto:local!gridPI1
        ),
        #&quot;SYSTEM_SYSRULES_gridField&quot;(
          label:&quot;Completed Tasks History&quot;,
          totalCount:local!taskHistory.totalCount,
          columns:apply(
            #&quot;_a-0000da5f-caaa-8000-9ba2-011c48011c48_2897&quot;(columnConfig:_, data:local!taskHistory.data, showLink:false),
            local!taskHistory.columnConfigs
          ),
          value:local!gridPI2,
          saveInto:local!gridPI2
        )
      },
      isCollapsible:true
    )
  )
)</definition>
        <namedTypedValue>
            <name>processId</name>
            <type>
                <name>int</name>
                <namespace>http://www.w3.org/2001/XMLSchema</namespace>
            </type>
        </namedTypedValue>
        <preferredEditor>interface</preferredEditor>
    </rule>
    <roleMap public="true">
        <role allowForAll="false" inherit="true" name="readers">
            <users/>
            <groups/>
        </role>
        <role allowForAll="false" inherit="true" name="authors">
            <users/>
            <groups/>
        </role>
        <role allowForAll="false" inherit="true" name="administrators">
            <users>
                <userUuid>jorge.sanchez</userUuid>
            </users>
            <groups/>
        </role>
        <role allowForAll="false" inherit="false" name="denyReaders">
            <users/>
            <groups/>
        </role>
        <role allowForAll="false" inherit="false" name="denyAuthors">
            <users/>
            <groups/>
        </role>
        <role allowForAll="false" inherit="false" name="denyAdministrators">
            <users/>
            <groups/>
        </role>
    </roleMap>
</contentHaul>
