<?xml version="1.0" encoding="UTF-8" standalone="yes"?>
<contentHaul xmlns:a="http://www.appian.com/ae/types/2009">
    <rule>
        <name>CASE_APP_VerifyOrderItem</name>
        <uuid>799e1fbe-6876-4320-9096-54d3bab97ee2</uuid>
        <description>Used in an applycomponents to generate a verification for each item and it's quantity</description>
        <parentUuid>_a-0000d9c4-bcac-8000-9ba2-011c48011c48_5995</parentUuid>
        <visibility>
            <advertise>false</advertise>
            <hierarchy>true</hierarchy>
            <indexable>true</indexable>
            <quota>false</quota>
            <searchable>true</searchable>
            <system>false</system>
            <unlogged>false</unlogged>
        </visibility>
        <definition>load(
  local!verified,
  local!quantityVerified,
#&quot;SYSTEM_SYSRULES_sectionLayout&quot;(
  label: null,
  firstColumnContents:
  {
    #&quot;SYSTEM_SYSRULES_checkboxField&quot;(
      label: &quot;Verify Product - &quot; &amp; ri!OrderItem.Product.name &amp; &quot; SKU: &quot; &amp; ri!OrderItem.Product.sku,
      choiceLabels: {&quot;Verified&quot;},
      choiceValues: {&quot;Verified&quot;},
      value: local!verified,
      saveInto: local!verified,
      required: true(),
      validations: if(isnull(local!verified), &quot;You must verify each product SKU&quot;, null)
  ),
    #&quot;SYSTEM_SYSRULES_checkboxField&quot;(
      label: &quot;Verify Quantity - &quot; &amp; ri!OrderItem.Quantity,
      choiceLabels: {&quot;Verified&quot;},
      choiceValues: {&quot;Verified&quot;},
      value: local!quantityVerified,
      saveInto: local!quantityVerified,
      required: true(),
      disabled: not(local!verified=&quot;Verified&quot;),
      validations: if(isnull(local!quantityVerified), &quot;You must verify each product SKU&quot;, null)
  )
  }
)
)</definition>
        <namedTypedValue>
            <name>OrderItem</name>
            <type>
                <name>Variant</name>
                <namespace>http://www.appian.com/ae/types/2009</namespace>
            </type>
        </namedTypedValue>
        <preferredEditor>interface</preferredEditor>
    </rule>
    <roleMap public="true">
        <role allowForAll="false" inherit="true" name="readers">
            <users/>
            <groups/>
        </role>
        <role allowForAll="false" inherit="true" name="authors">
            <users/>
            <groups/>
        </role>
        <role allowForAll="false" inherit="true" name="administrators">
            <users>
                <userUuid>malcolm.ross@appian.com</userUuid>
            </users>
            <groups/>
        </role>
        <role allowForAll="false" inherit="false" name="denyReaders">
            <users/>
            <groups/>
        </role>
        <role allowForAll="false" inherit="false" name="denyAuthors">
            <users/>
            <groups/>
        </role>
        <role allowForAll="false" inherit="false" name="denyAdministrators">
            <users/>
            <groups/>
        </role>
    </roleMap>
</contentHaul>
