<?xml version="1.0" encoding="UTF-8" standalone="yes"?>
<contentHaul xmlns:a="http://www.appian.com/ae/types/2009">
    <rule>
        <name>CASE_APP_AvgPricePerCategory</name>
        <uuid>8174497e-d081-4d34-91e1-e4e39007829c</uuid>
        <description>Shows the average price of a product by each category</description>
        <parentUuid>_a-0000d9c4-bcac-8000-9ba2-011c48011c48_5845</parentUuid>
        <visibility>
            <advertise>false</advertise>
            <hierarchy>true</hierarchy>
            <indexable>true</indexable>
            <quota>false</quota>
            <searchable>true</searchable>
            <system>false</system>
            <unlogged>false</unlogged>
        </visibility>
        <definition>load(
  local!pagingInfo: #&quot;SYSTEM_SYSRULES_pagingInfo&quot;(
    startIndex: 1,
    batchSize: -1,
    sort: #&quot;SYSTEM_SYSRULES_sortInfo&quot;(
      field: &quot;productCategory&quot;,
      ascending: true
    )
  ),
  with(
    local!datasubset: queryrecord(
      #&quot;_a-0000d9c4-bcac-8000-9ba2-011c48011c48_3830&quot;,
      #&quot;SYSTEM_SYSRULES_query&quot;(
        aggregation: #&quot;SYSTEM_SYSRULES_queryAggregation&quot;(aggregationColumns: {
          #&quot;SYSTEM_SYSRULES_queryAggregationColumn&quot;(field: &quot;productCategory&quot;, isGrouping: true),
          #&quot;SYSTEM_SYSRULES_queryAggregationColumn&quot;(field: &quot;price&quot;, aggregationFunction: &quot;AVG&quot;),
        }),
        pagingInfo: local!pagingInfo
      )
    ),
    #&quot;SYSTEM_SYSRULES_columnChartField&quot;(
      label: &quot;Average product price by category&quot;,
      categories: {
        index(local!datasubset.data, &quot;productCategory&quot;, {})
      },
      series: {
        #&quot;SYSTEM_SYSRULES_chartSeries&quot;(
          label: &quot;price&quot;,
          data: index(local!datasubset.data, &quot;price&quot;, {})
        )
      }
    )
  )
)
</definition>
        <preferredEditor>interface</preferredEditor>
    </rule>
    <roleMap public="true">
        <role allowForAll="false" inherit="true" name="readers">
            <users/>
            <groups/>
        </role>
        <role allowForAll="false" inherit="true" name="authors">
            <users/>
            <groups/>
        </role>
        <role allowForAll="false" inherit="true" name="administrators">
            <users>
                <userUuid>malcolm.ross@appian.com</userUuid>
            </users>
            <groups/>
        </role>
        <role allowForAll="false" inherit="false" name="denyReaders">
            <users/>
            <groups/>
        </role>
        <role allowForAll="false" inherit="false" name="denyAuthors">
            <users/>
            <groups/>
        </role>
        <role allowForAll="false" inherit="false" name="denyAdministrators">
            <users/>
            <groups/>
        </role>
    </roleMap>
</contentHaul>
