<?xml version="1.0" encoding="UTF-8" standalone="yes"?>
<contentHaul xmlns:a="http://www.appian.com/ae/types/2009">
    <rule>
        <name>CASE_APP_ProductDashboard</name>
        <uuid>9f4012f6-8eab-4827-884e-0c0501db8244</uuid>
        <description>Shows a dashboard of product reports</description>
        <parentUuid>_a-0000d9c4-bcac-8000-9ba2-011c48011c48_5845</parentUuid>
        <visibility>
            <advertise>false</advertise>
            <hierarchy>true</hierarchy>
            <indexable>true</indexable>
            <quota>false</quota>
            <searchable>true</searchable>
            <system>false</system>
            <unlogged>false</unlogged>
        </visibility>
        <definition>=#&quot;SYSTEM_SYSRULES_dashboardLayout&quot;(
  firstColumnContents: {
    #&quot;SYSTEM_SYSRULES_sectionLayout&quot;(
      label: &quot;Category Statistics&quot;,
      firstColumnContents: {
          #&quot;8174497e-d081-4d34-91e1-e4e39007829c&quot;()
      },
      secondColumnContents: {
        #&quot;aca869b8-a362-4c23-9c9b-3b8eba71b1a0&quot;()
      }
    ),
    #&quot;SYSTEM_SYSRULES_sectionLayout&quot;(
      label: &quot;Manufacturer Statistics&quot;,
      firstColumnContents: {
        #&quot;219c0ed6-2675-4fad-b8a3-d447d4c96cea&quot;()
      },
      secondColumnContents: {
   
      }
    )
  }
)</definition>
        <preferredEditor>interface</preferredEditor>
    </rule>
    <roleMap public="true">
        <role allowForAll="false" inherit="true" name="readers">
            <users/>
            <groups/>
        </role>
        <role allowForAll="false" inherit="true" name="authors">
            <users/>
            <groups/>
        </role>
        <role allowForAll="false" inherit="true" name="administrators">
            <users>
                <userUuid>malcolm.ross@appian.com</userUuid>
            </users>
            <groups/>
        </role>
        <role allowForAll="false" inherit="false" name="denyReaders">
            <users/>
            <groups/>
        </role>
        <role allowForAll="false" inherit="false" name="denyAuthors">
            <users/>
            <groups/>
        </role>
        <role allowForAll="false" inherit="false" name="denyAdministrators">
            <users/>
            <groups/>
        </role>
    </roleMap>
</contentHaul>
