<?xml version="1.0" encoding="UTF-8" standalone="yes"?>
<contentHaul xmlns:a="http://www.appian.com/ae/types/2009">
    <rule>
        <name>CASE_APP_CustomerDashboardContactSection</name>
        <uuid>_a-0000d9b9-6309-8000-9ba2-011c48011c48_2142</uuid>
        <description>Contact Information section of the CASE_APP Customer summary dashboard</description>
        <parentUuid>_a-0000d9c4-bcac-8000-9ba2-011c48011c48_5839</parentUuid>
        <visibility>
            <advertise>false</advertise>
            <hierarchy>true</hierarchy>
            <indexable>true</indexable>
            <quota>false</quota>
            <searchable>true</searchable>
            <system>false</system>
            <unlogged>false</unlogged>
        </visibility>
        <definition>    #&quot;SYSTEM_SYSRULES_sectionLayout&quot; (
        label: &quot;Contact Information&quot;,
        firstColumnContents: {
        if(
            #&quot;_a-0000d9a9-eb56-8000-9e06-010000010000_751&quot;(
              ri!c.Email
            ),
            #&quot;SYSTEM_SYSRULES_textField&quot;(
            label: &quot;Contact Name&quot;,
            labelPosition: &quot;ADJACENT&quot;,
            value: ri!c.ContactName,
            readOnly: true,
            saveInto: ri!c.ContactName
            ),
            #&quot;SYSTEM_SYSRULES_linkField&quot;(
              label: &quot;Contact Name&quot;,
              labelPosition: &quot;ADJACENT&quot;,
              links: {
                #&quot;SYSTEM_SYSRULES_safeLink&quot;(
                  label: ri!c.ContactName,
                  uri: &quot;mailto:&quot; &amp; ri!c.Email
                )
              }
            )
          ),
          #&quot;SYSTEM_SYSRULES_textField&quot;(
            label: &quot;Email&quot;,
            labelPosition: &quot;ADJACENT&quot;,
      validations:if(#&quot;_a-0000d9b9-6309-8000-9ba2-011c48011c48_1640&quot;(ri!c.Email),null,
      &quot;Please enter a valid email address&quot;)
      ,
            value: ri!c.Email,
            readOnly: true,
            saveInto: ri!c.Email
            )
          },
        secondColumnContents: {  
          #&quot;SYSTEM_SYSRULES_textField&quot;(
            label: &quot;Office Phone&quot;,
            labelPosition: &quot;ADJACENT&quot;,
            required: false(),
            value: ri!c.OfficePhone,
            readOnly: true,
            saveInto: ri!c.OfficePhone
          ),
          #&quot;SYSTEM_SYSRULES_textField&quot;(
            label: &quot;Home Phone&quot;,
            labelPosition: &quot;ADJACENT&quot;,
            value: ri!c.HomePhone,
            readOnly: true,
            saveInto: ri!c.HomePhone
            ),
          #&quot;SYSTEM_SYSRULES_textField&quot;(
            label: &quot;Mobile Phone&quot;,
            labelPosition: &quot;ADJACENT&quot;,
            value: ri!c.MobilePhone,
            readOnly: true,
            saveInto: ri!c.MobilePhone
            )
        }
      )</definition>
        <namedTypedValue>
            <name>c</name>
            <type>
                <name>Variant</name>
                <namespace>http://www.appian.com/ae/types/2009</namespace>
            </type>
        </namedTypedValue>
        <preferredEditor>interface</preferredEditor>
    </rule>
    <roleMap public="true">
        <role allowForAll="false" inherit="true" name="readers">
            <users/>
            <groups/>
        </role>
        <role allowForAll="false" inherit="true" name="authors">
            <users/>
            <groups/>
        </role>
        <role allowForAll="false" inherit="true" name="administrators">
            <users/>
            <groups/>
        </role>
        <role allowForAll="false" inherit="false" name="denyReaders">
            <users/>
            <groups/>
        </role>
        <role allowForAll="false" inherit="false" name="denyAuthors">
            <users/>
            <groups/>
        </role>
        <role allowForAll="false" inherit="false" name="denyAdministrators">
            <users/>
            <groups/>
        </role>
    </roleMap>
</contentHaul>
