<?xml version="1.0" encoding="UTF-8" standalone="yes"?>
<contentHaul xmlns:a="http://www.appian.com/ae/types/2009">
    <constant>
        <name>CASE_APP_UUIDChars</name>
        <uuid>_a-0000d9b9-57db-8000-9e06-010000010000_832</uuid>
        <description>Characters that may be used to generate a UUID</description>
        <parentUuid>_a-0000d9b9-57db-8000-9e06-010000010000_837</parentUuid>
        <visibility>
            <advertise>false</advertise>
            <hierarchy>true</hierarchy>
            <indexable>true</indexable>
            <quota>false</quota>
            <searchable>true</searchable>
            <system>false</system>
            <unlogged>false</unlogged>
        </visibility>
        <typedValue>
            <type>
                <name>Text?list</name>
                <namespace>http://www.appian.com/ae/types/2009</namespace>
            </type>
            <value>
                <el>A</el>
                <el>B</el>
                <el>C</el>
                <el>D</el>
                <el>E</el>
                <el>F</el>
                <el>G</el>
                <el>H</el>
                <el>I</el>
                <el>J</el>
                <el>K</el>
                <el>L</el>
                <el>M</el>
                <el>N</el>
                <el>O</el>
                <el>P</el>
                <el>Q</el>
                <el>R</el>
                <el>S</el>
                <el>T</el>
                <el>U</el>
                <el>V</el>
                <el>W</el>
                <el>X</el>
                <el>Y</el>
                <el>Z</el>
                <el>A</el>
                <el>B</el>
                <el>C</el>
                <el>D</el>
                <el>E</el>
                <el>F</el>
                <el>G</el>
                <el>H</el>
                <el>I</el>
                <el>J</el>
                <el>K</el>
                <el>L</el>
                <el>M</el>
                <el>N</el>
                <el>O</el>
                <el>P</el>
                <el>Q</el>
                <el>R</el>
                <el>S</el>
                <el>T</el>
                <el>U</el>
                <el>V</el>
                <el>W</el>
                <el>X</el>
                <el>Y</el>
                <el>Z</el>
                <el>A</el>
                <el>B</el>
                <el>C</el>
                <el>D</el>
                <el>E</el>
                <el>F</el>
                <el>G</el>
                <el>H</el>
                <el>I</el>
                <el>J</el>
                <el>K</el>
                <el>L</el>
                <el>M</el>
                <el>N</el>
                <el>O</el>
                <el>P</el>
                <el>Q</el>
                <el>R</el>
                <el>S</el>
                <el>T</el>
                <el>U</el>
                <el>V</el>
                <el>W</el>
                <el>X</el>
                <el>Y</el>
                <el>Z</el>
                <el>A</el>
                <el>B</el>
                <el>C</el>
                <el>D</el>
                <el>E</el>
                <el>F</el>
                <el>G</el>
                <el>H</el>
                <el>I</el>
                <el>J</el>
                <el>K</el>
                <el>L</el>
                <el>M</el>
                <el>N</el>
                <el>O</el>
                <el>P</el>
                <el>Q</el>
                <el>R</el>
                <el>S</el>
                <el>T</el>
                <el>U</el>
                <el>V</el>
                <el>W</el>
                <el>X</el>
                <el>Y</el>
                <el>Z</el>
                <el>A</el>
                <el>B</el>
                <el>C</el>
                <el>D</el>
                <el>E</el>
                <el>F</el>
                <el>G</el>
                <el>H</el>
                <el>I</el>
                <el>J</el>
                <el>K</el>
                <el>L</el>
                <el>M</el>
                <el>N</el>
                <el>O</el>
                <el>P</el>
                <el>Q</el>
                <el>R</el>
                <el>S</el>
                <el>T</el>
                <el>U</el>
                <el>V</el>
                <el>W</el>
                <el>X</el>
                <el>Y</el>
                <el>Z</el>
            </value>
        </typedValue>
    </constant>
    <roleMap public="true">
        <role allowForAll="false" inherit="true" name="readers">
            <users/>
            <groups/>
        </role>
        <role allowForAll="false" inherit="true" name="authors">
            <users/>
            <groups/>
        </role>
        <role allowForAll="false" inherit="true" name="administrators">
            <users>
                <userUuid>Administrator</userUuid>
            </users>
            <groups/>
        </role>
        <role allowForAll="false" inherit="false" name="denyReaders">
            <users/>
            <groups/>
        </role>
        <role allowForAll="false" inherit="false" name="denyAuthors">
            <users/>
            <groups/>
        </role>
        <role allowForAll="false" inherit="false" name="denyAdministrators">
            <users/>
            <groups/>
        </role>
    </roleMap>
</contentHaul>
