<?xml version="1.0" encoding="UTF-8" standalone="yes"?>
<contentHaul xmlns:a="http://www.appian.com/ae/types/2009">
    <rule>
        <name>CASE_APP_stockGraphURL</name>
        <uuid>_a-0000d9b9-6309-8000-9ba2-011c48011c48_2200</uuid>
        <description>Receives image size, stock time range, and ticker symbol to return image from Yahoo Finance</description>
        <parentUuid>_a-0000d9c4-bcac-8000-9ba2-011c48011c48_5841</parentUuid>
        <visibility>
            <advertise>false</advertise>
            <hierarchy>true</hierarchy>
            <indexable>true</indexable>
            <quota>false</quota>
            <searchable>true</searchable>
            <system>false</system>
            <unlogged>false</unlogged>
        </visibility>
        <definition>=with(
local!size:if(isnull(ri!size),&quot;l&quot;,ri!size),
local!range:if(isnull(ri!range),&quot;6m&quot;,ri!range),
local!sym1:trim(ri!symbols[1]),
local!compareParam:if(length(ri!symbols)&gt;1,&quot;&amp;c=&quot;&amp;#&quot;_a-0000d9b9-6309-8000-9ba2-011c48011c48_2207&quot;(ldrop(trim(ri!symbols),1)),&quot;&quot;),
&quot;http://chart.finance.yahoo.com/z?s=&quot;&amp;local!sym1&amp;&quot;&amp;t=&quot;&amp;local!range&amp;&quot;&amp;q=l&amp;l=on&amp;z=&quot;&amp;local!size&amp;local!compareParam
)</definition>
        <namedTypedValue>
            <name>symbols</name>
            <type>
                <name>Text?list</name>
                <namespace>http://www.appian.com/ae/types/2009</namespace>
            </type>
        </namedTypedValue>
        <namedTypedValue>
            <name>range</name>
            <type>
                <name>string</name>
                <namespace>http://www.w3.org/2001/XMLSchema</namespace>
            </type>
            <value/>
        </namedTypedValue>
        <namedTypedValue>
            <name>size</name>
            <type>
                <name>string</name>
                <namespace>http://www.w3.org/2001/XMLSchema</namespace>
            </type>
            <value/>
        </namedTypedValue>
        <preferredEditor>legacy</preferredEditor>
    </rule>
    <roleMap public="true">
        <role allowForAll="false" inherit="true" name="readers">
            <users/>
            <groups/>
        </role>
        <role allowForAll="false" inherit="true" name="authors">
            <users/>
            <groups/>
        </role>
        <role allowForAll="false" inherit="true" name="administrators">
            <users/>
            <groups/>
        </role>
        <role allowForAll="false" inherit="false" name="denyReaders">
            <users/>
            <groups/>
        </role>
        <role allowForAll="false" inherit="false" name="denyAuthors">
            <users/>
            <groups/>
        </role>
        <role allowForAll="false" inherit="false" name="denyAdministrators">
            <users/>
            <groups/>
        </role>
    </roleMap>
</contentHaul>
