<?xml version="1.0" encoding="UTF-8" standalone="yes"?>
<contentHaul xmlns:a="http://www.appian.com/ae/types/2009">
    <rule>
        <name>CASE_APP_ProductDiffLabelValue</name>
        <uuid>_a-0000d9c4-bcac-8000-9ba2-011c48011c48_5409</uuid>
        <description>Returns an array of label values showing the difference between two product records</description>
        <parentUuid>_a-0000d9c4-bcac-8000-9ba2-011c48011c48_5847</parentUuid>
        <visibility>
            <advertise>false</advertise>
            <hierarchy>true</hierarchy>
            <indexable>true</indexable>
            <quota>false</quota>
            <searchable>true</searchable>
            <system>false</system>
            <unlogged>false</unlogged>
        </visibility>
        <definition>load(
  local!name: if(
    ri!productOrig.name = ri!productUpdate.name,
    cast(
      typeof(
        'type!{http://www.appian.com/ae/types/2009}LabelValue'()
      ),
      {
        label: &quot;none&quot;,
        value: &quot;none&quot;
      }
    ),
    cast(
      typeof(
        'type!{http://www.appian.com/ae/types/2009}LabelValue'()
      ),
      {
        label: &quot;Name&quot;,
        value: &quot;From: &quot; &amp; ri!productOrig.name &amp; &quot; / To: &quot; &amp; ri!productUpdate.name
      }
    )
  ),
  local!sku: if(
    ri!productOrig.sku = ri!productUpdate.sku,
    cast(
      typeof(
        'type!{http://www.appian.com/ae/types/2009}LabelValue'()
      ),
      {
        label: &quot;none&quot;,
        value: &quot;none&quot;
      }
    ),
    cast(
      typeof(
        'type!{http://www.appian.com/ae/types/2009}LabelValue'()
      ),
      {
        label: &quot;SKU&quot;,
        value: &quot;From: &quot; &amp; ri!productOrig.sku &amp; &quot; / To: &quot; &amp; ri!productUpdate.sku
      }
    )
  ),
  local!description: if(
    ri!productOrig.description = ri!productUpdate.description,
    cast(
      typeof(
        'type!{http://www.appian.com/ae/types/2009}LabelValue'()
      ),
      {
        label: &quot;none&quot;,
        value: &quot;none&quot;
      }
    ),
    cast(
      typeof(
        'type!{http://www.appian.com/ae/types/2009}LabelValue'()
      ),
      {
        label: &quot;Description&quot;,
        value: &quot;From: &quot; &amp; ri!productOrig.description &amp; &quot; / To: &quot; &amp; ri!productUpdate.description
      }
    )
  ),
  local!category: if(
    ri!productOrig.category = ri!productUpdate.category,
    cast(
      typeof(
        'type!{http://www.appian.com/ae/types/2009}LabelValue'()
      ),
      {
        label: &quot;none&quot;,
        value: &quot;none&quot;
      }
    ),
    cast(
      typeof(
        'type!{http://www.appian.com/ae/types/2009}LabelValue'()
      ),
      {
        label: &quot;Category&quot;,
        value: &quot;From: &quot; &amp; ri!productOrig.category &amp; &quot; / To: &quot; &amp; ri!productUpdate.category
      }
    )
  ),
  local!manufacturer: if(
    ri!productOrig.manufacturer = ri!productUpdate.manufacturer,
    cast(
      typeof(
        'type!{http://www.appian.com/ae/types/2009}LabelValue'()
      ),
      {
        label: &quot;none&quot;,
        value: &quot;none&quot;
      }
    ),
    cast(
      typeof(
        'type!{http://www.appian.com/ae/types/2009}LabelValue'()
      ),
      {
        label: &quot;Manufacturer&quot;,
        value: &quot;From: &quot; &amp; ri!productOrig.manufacturer &amp; &quot; / To: &quot; &amp; ri!productUpdate.manufacturer
      }
    )
  ),
  local!modelNumber: if(
    ri!productOrig.modelNumber = ri!productUpdate.modelNumber,
    cast(
      typeof(
        'type!{http://www.appian.com/ae/types/2009}LabelValue'()
      ),
      {
        label: &quot;none&quot;,
        value: &quot;none&quot;
      }
    ),
    cast(
      typeof(
        'type!{http://www.appian.com/ae/types/2009}LabelValue'()
      ),
      {
        label: &quot;Model Number&quot;,
        value: &quot;From: &quot; &amp; ri!productOrig.modelNumber &amp; &quot; / To: &quot; &amp; ri!productUpdate.modelNumber
      }
    )
  ),
  local!releaseDate: if(
    ri!productOrig.releaseDate = ri!productUpdate.releaseDate,
    cast(
      typeof(
        'type!{http://www.appian.com/ae/types/2009}LabelValue'()
      ),
      {
        label: &quot;none&quot;,
        value: &quot;none&quot;
      }
    ),
    cast(
      typeof(
        'type!{http://www.appian.com/ae/types/2009}LabelValue'()
      ),
      {
        label: &quot;Release Date&quot;,
        value: &quot;From: &quot; &amp; ri!productOrig.releaseDate &amp; &quot; / To: &quot; &amp; ri!productUpdate.releaseDate
      }
    )
  ),
  local!price: if(
    ri!productOrig.price = ri!productUpdate.price,
    cast(
      typeof(
        'type!{http://www.appian.com/ae/types/2009}LabelValue'()
      ),
      {
        label: &quot;none&quot;,
        value: &quot;none&quot;
      }
    ),
    cast(
      typeof(
        'type!{http://www.appian.com/ae/types/2009}LabelValue'()
      ),
      {
        label: &quot;Price&quot;,
        value: &quot;From: &quot; &amp; ri!productOrig.price &amp; &quot; / To: &quot; &amp; ri!productUpdate.price
      }
    )
  ),
  local!quantity: if(
    ri!productOrig.quantity = ri!productUpdate.quantity,
    cast(
      typeof(
        'type!{http://www.appian.com/ae/types/2009}LabelValue'()
      ),
      {
        label: &quot;none&quot;,
        value: &quot;none&quot;
      }
    ),
    cast(
      typeof(
        'type!{http://www.appian.com/ae/types/2009}LabelValue'()
      ),
      {
        label: &quot;Quantity&quot;,
        value: &quot;From: &quot; &amp; ri!productOrig.quantity &amp; &quot; / To: &quot; &amp; ri!productUpdate.quantity
      }
    )
  ),
  local!shippingDetails_weight: if(
    ri!productOrig.shippingDetails.weight = ri!productUpdate.shippingDetails.weight,
    cast(
      typeof(
        'type!{http://www.appian.com/ae/types/2009}LabelValue'()
      ),
      {
        label: &quot;none&quot;,
        value: &quot;none&quot;
      }
    ),
    cast(
      typeof(
        'type!{http://www.appian.com/ae/types/2009}LabelValue'()
      ),
      {
        label: &quot;Shipping Weight&quot;,
        value: &quot;From: &quot; &amp; ri!productOrig.shippingDetails.weight &amp; &quot; / To: &quot; &amp; ri!productUpdate.shippingDetails.weight
      }
    )
  ),
  local!shippingDetails_width: if(
    ri!productOrig.shippingDetails.width = ri!productUpdate.shippingDetails.width,
    cast(
      typeof(
        'type!{http://www.appian.com/ae/types/2009}LabelValue'()
      ),
      {
        label: &quot;none&quot;,
        value: &quot;none&quot;
      }
    ),
    cast(
      typeof(
        'type!{http://www.appian.com/ae/types/2009}LabelValue'()
      ),
      {
        label: &quot;Shipping Width&quot;,
        value: &quot;From: &quot; &amp; ri!productOrig.shippingDetails.width &amp; &quot; / To: &quot; &amp; ri!productUpdate.shippingDetails.width
      }
    )
  ),
  local!shippingDetails_height: if(
    ri!productOrig.shippingDetails.height = ri!productUpdate.shippingDetails.height,
    cast(
      typeof(
        'type!{http://www.appian.com/ae/types/2009}LabelValue'()
      ),
      {
        label: &quot;none&quot;,
        value: &quot;none&quot;
      }
    ),
    cast(
      typeof(
        'type!{http://www.appian.com/ae/types/2009}LabelValue'()
      ),
      {
        label: &quot;Shipping Height&quot;,
        value: &quot;From: &quot; &amp; ri!productOrig.shippingDetails.height &amp; &quot; / To: &quot; &amp; ri!productUpdate.shippingDetails.height
      }
    )
  ),
  local!shippingDetails_depth: if(
    ri!productOrig.shippingDetails.depth = ri!productUpdate.shippingDetails.depth,
    cast(
      typeof(
        'type!{http://www.appian.com/ae/types/2009}LabelValue'()
      ),
      {
        label: &quot;none&quot;,
        value: &quot;none&quot;
      }
    ),
    cast(
      typeof(
        'type!{http://www.appian.com/ae/types/2009}LabelValue'()
      ),
      {
        label: &quot;Shipping Depth&quot;,
        value: &quot;From: &quot; &amp; ri!productOrig.shippingDetails.depth &amp; &quot; / To: &quot; &amp; ri!productUpdate.shippingDetails.depth
      }
    )
  ),
  local!productCategory: if(
    ri!productOrig.productCategory = ri!productUpdate.productCategory,
    cast(
      typeof(
        'type!{http://www.appian.com/ae/types/2009}LabelValue'()
      ),
      {
        label: &quot;none&quot;,
        value: &quot;none&quot;
      }
    ),
    cast(
      typeof(
        'type!{http://www.appian.com/ae/types/2009}LabelValue'()
      ),
      {
        label: &quot;Category&quot;,
        value: &quot;From: &quot; &amp; ri!productOrig.productCategory &amp; &quot; / To: &quot; &amp; ri!productUpdate.productCategory
      }
    )
  ),
  remove(
    append(
      {
        local!name
      },
      {
        local!sku
      },
      {
        local!description
      },
      {
        local!category
      },
      {
        local!manufacturer
      },
      {
        local!modelNumber
      },
      {
        local!releaseDate
      },
      {
        local!price
      },
      {
        local!quantity
      },
      {
        local!shippingDetails_weight
      },
      {
        local!shippingDetails_width
      },
      {
        local!shippingDetails_height
      },
      {
        local!shippingDetails_depth
      },
      {
        local!productCategory
      }
    ),
    wherecontains(
      cast(
        typeof(
          'type!{http://www.appian.com/ae/types/2009}LabelValue'()
        ),
        {
          label: &quot;none&quot;,
          value: &quot;none&quot;
        }
      ),
      append(
        {
          local!name
        },
        {
          local!sku
        },
        {
          local!description
        },
        {
          local!category
        },
        {
          local!manufacturer
        },
        {
          local!modelNumber
        },
        {
          local!releaseDate
        },
        {
          local!price
        },
        {
          local!quantity
        },
        {
          local!shippingDetails_weight
        },
        {
          local!shippingDetails_width
        },
        {
          local!shippingDetails_height
        },
        {
          local!shippingDetails_depth
        },
        {
          local!productCategory
        }
      )
    )
  )
)</definition>
        <namedTypedValue>
            <name>productOrig</name>
            <type>
                <name>Variant</name>
                <namespace>http://www.appian.com/ae/types/2009</namespace>
            </type>
        </namedTypedValue>
        <namedTypedValue>
            <name>productUpdate</name>
            <type>
                <name>Variant</name>
                <namespace>http://www.appian.com/ae/types/2009</namespace>
            </type>
        </namedTypedValue>
        <preferredEditor>legacy</preferredEditor>
    </rule>
    <roleMap public="true">
        <role allowForAll="false" inherit="true" name="readers">
            <users/>
            <groups/>
        </role>
        <role allowForAll="false" inherit="true" name="authors">
            <users/>
            <groups/>
        </role>
        <role allowForAll="false" inherit="true" name="administrators">
            <users/>
            <groups/>
        </role>
        <role allowForAll="false" inherit="false" name="denyReaders">
            <users/>
            <groups/>
        </role>
        <role allowForAll="false" inherit="false" name="denyAuthors">
            <users/>
            <groups/>
        </role>
        <role allowForAll="false" inherit="false" name="denyAdministrators">
            <users/>
            <groups/>
        </role>
    </roleMap>
</contentHaul>
