<?xml version="1.0" encoding="UTF-8" standalone="yes"?>
<contentHaul xmlns:a="http://www.appian.com/ae/types/2009">
    <rule>
        <name>CASE_APP_showImageForBoolean</name>
        <uuid>_a-0000da5f-caaa-8000-9ba2-011c48011c48_2604</uuid>
        <description>If true, returns a a!documentImage reference to a green checkbox image, if false a red ex</description>
        <parentUuid>_a-0000d9b9-6309-8000-9ba2-011c48011c48_1981</parentUuid>
        <visibility>
            <advertise>false</advertise>
            <hierarchy>true</hierarchy>
            <indexable>true</indexable>
            <quota>false</quota>
            <searchable>true</searchable>
            <system>false</system>
            <unlogged>false</unlogged>
        </visibility>
        <definition>#&quot;SYSTEM_SYSRULES_documentImage&quot;(
  document:if(ri!bool,
    #&quot;SYSTEM_SYSRULES_iconIndicator&quot;(icon:&quot;STATUS_OK&quot;),
    #&quot;SYSTEM_SYSRULES_iconIndicator&quot;(icon:&quot;STATUS_NOTDONE&quot;)
  )
)
</definition>
        <namedTypedValue>
            <name>bool</name>
            <type>
                <name>boolean</name>
                <namespace>http://www.w3.org/2001/XMLSchema</namespace>
            </type>
        </namedTypedValue>
        <preferredEditor>interface</preferredEditor>
    </rule>
    <roleMap public="true">
        <role allowForAll="false" inherit="true" name="readers">
            <users/>
            <groups/>
        </role>
        <role allowForAll="false" inherit="true" name="authors">
            <users/>
            <groups/>
        </role>
        <role allowForAll="false" inherit="true" name="administrators">
            <users>
                <userUuid>jorge.sanchez</userUuid>
            </users>
            <groups/>
        </role>
        <role allowForAll="false" inherit="false" name="denyReaders">
            <users/>
            <groups/>
        </role>
        <role allowForAll="false" inherit="false" name="denyAuthors">
            <users/>
            <groups/>
        </role>
        <role allowForAll="false" inherit="false" name="denyAdministrators">
            <users/>
            <groups/>
        </role>
    </roleMap>
</contentHaul>
