<?xml version="1.0" encoding="UTF-8" standalone="yes"?>
<contentHaul xmlns:a="http://www.appian.com/ae/types/2009">
    <rule>
        <name>CASE_APP_BuildDocDataset</name>
        <uuid>_a-0000d9b9-6309-8000-9ba2-011c48011c48_1757</uuid>
        <description>Used to build a data set from different elements of a document</description>
        <parentUuid>_a-0000d9b9-6309-8000-9ba2-011c48011c48_1751</parentUuid>
        <visibility>
            <advertise>false</advertise>
            <hierarchy>true</hierarchy>
            <indexable>true</indexable>
            <quota>false</quota>
            <searchable>true</searchable>
            <system>false</system>
            <unlogged>false</unlogged>
        </visibility>
        <definition>=if(#&quot;_a-0000d9a9-eb56-8000-9e06-010000010000_751&quot;(ri!document),
  {},
  {
  document: ri!document,
  name: document(ri!document, &quot;name&quot;), 
  description: document(ri!document, &quot;description&quot;),
  size: document(ri!document, &quot;size&quot;),
  extension: upper(document(ri!document, &quot;extension&quot;)),
  id: document(ri!document, &quot;id&quot;),
  dateCreated: document(ri!document, &quot;dateCreated&quot;),
  lastUserToModify: document(ri!document, &quot;lastUserToModify&quot;),
  totalNumberOfVersions: document(ri!document, &quot;totalNumberOfVersions&quot;)
  }
)</definition>
        <namedTypedValue>
            <name>document</name>
            <type>
                <name>CollaborationDocument</name>
                <namespace>http://www.appian.com/ae/types/2009</namespace>
            </type>
        </namedTypedValue>
        <preferredEditor>legacy</preferredEditor>
    </rule>
    <roleMap public="true">
        <role allowForAll="false" inherit="true" name="readers">
            <users/>
            <groups/>
        </role>
        <role allowForAll="false" inherit="true" name="authors">
            <users/>
            <groups/>
        </role>
        <role allowForAll="false" inherit="true" name="administrators">
            <users>
                <userUuid>malcolm.ross@appian.com</userUuid>
            </users>
            <groups/>
        </role>
        <role allowForAll="false" inherit="false" name="denyReaders">
            <users/>
            <groups/>
        </role>
        <role allowForAll="false" inherit="false" name="denyAuthors">
            <users/>
            <groups/>
        </role>
        <role allowForAll="false" inherit="false" name="denyAdministrators">
            <users/>
            <groups/>
        </role>
    </roleMap>
</contentHaul>
