<?xml version="1.0" encoding="UTF-8" standalone="yes"?>
<contentHaul xmlns:a="http://www.appian.com/ae/types/2009">
    <constant>
        <name>CASE_APP_SR_RECORD_TYPE</name>
        <uuid>_a-0000da5f-caaa-8000-9ba2-011c48011c48_2950</uuid>
        <description></description>
        <parentUuid>_a-0000da5f-caaa-8000-9ba2-011c48011c48_2616</parentUuid>
        <visibility>
            <advertise>false</advertise>
            <hierarchy>true</hierarchy>
            <indexable>true</indexable>
            <quota>false</quota>
            <searchable>true</searchable>
            <system>false</system>
            <unlogged>false</unlogged>
        </visibility>
        <typedValue>
            <type>
                <name>RecordType</name>
                <namespace>http://www.appian.com/ae/types/2009</namespace>
            </type>
            <value a:id="-1" a:uuid="9938078a-b8f8-485c-a942-9c96192db48f" name="">
                <a:pluralName/>
                <a:description/>
                <a:urlStub/>
                <a:listViewTemplateExpr/>
                <a:isSystem>false</a:isSystem>
                <a:dataSrcExpr/>
                <a:facetsListExpr/>
                <a:defaultFiltersExpr/>
                <a:security>16383</a:security>
                <a:opaqueId/>
            </value>
        </typedValue>
    </constant>
    <roleMap public="true">
        <role allowForAll="false" inherit="true" name="readers">
            <users/>
            <groups/>
        </role>
        <role allowForAll="false" inherit="true" name="authors">
            <users/>
            <groups/>
        </role>
        <role allowForAll="false" inherit="true" name="administrators">
            <users>
                <userUuid>jorge.sanchez</userUuid>
            </users>
            <groups/>
        </role>
        <role allowForAll="false" inherit="false" name="denyReaders">
            <users/>
            <groups/>
        </role>
        <role allowForAll="false" inherit="false" name="denyAuthors">
            <users/>
            <groups/>
        </role>
        <role allowForAll="false" inherit="false" name="denyAdministrators">
            <users/>
            <groups/>
        </role>
    </roleMap>
</contentHaul>
