<?xml version="1.0" encoding="UTF-8" standalone="yes"?>
<contentHaul xmlns:a="http://www.appian.com/ae/types/2009">
    <report>
        <name>Detailed Service Request Report</name>
        <uuid>_a-0000da89-b5e9-8000-9ba2-011c48011c48_3882</uuid>
        <description>Comparing processes from the same process model.</description>
        <parentUuid>_a-0000da5f-caaa-8000-9ba2-011c48011c48_2765</parentUuid>
        <visibility>
            <advertise>false</advertise>
            <hierarchy>true</hierarchy>
            <indexable>true</indexable>
            <quota>false</quota>
            <searchable>true</searchable>
            <system>false</system>
            <unlogged>false</unlogged>
        </visibility>
        <reportData>
            <metadata>
                <baseFilters>
                    <dueTodayFilter>
                        <apply>false</apply>
                    </dueTodayFilter>
                    <runningFilter>
                        <apply>false</apply>
                    </runningFilter>
                    <lastNDaysFilter>
                        <apply>false</apply>
                        <dayCount>0.0</dayCount>
                    </lastNDaysFilter>
                    <completedFilter>
                        <apply>false</apply>
                    </completedFilter>
                    <lastNCompletedFilter>
                        <apply>false</apply>
                        <completedCount>0</completedCount>
                    </lastNCompletedFilter>
                    <outsideNStandardDeviationsFilter>
                        <apply>false</apply>
                        <standardDeviationCount>0.0</standardDeviationCount>
                    </outsideNStandardDeviationsFilter>
                    <aheadOfScheduleFilter>
                        <apply>false</apply>
                    </aheadOfScheduleFilter>
                    <behindScheduleFilter>
                        <apply>false</apply>
                    </behindScheduleFilter>
                    <simpleColumnFilter>
                        <apply>true</apply>
                        <columnLocalId>8</columnLocalId>
                        <comparison>4</comparison>
                        <typedValue>
                            <type>
<name>string</name>
<namespace>http://www.w3.org/2001/XMLSchema</namespace>
                            </type>
                            <value>CASE_APP New Service Request</value>
                        </typedValue>
                        <reportPortletFilter>false</reportPortletFilter>
                    </simpleColumnFilter>
                </baseFilters>
                <batchSize>25</batchSize>
                <columns>
                    <column>
                        <drillPath>
                            <enabled>true</enabled>
                            <expression>=pp!id</expression>
                            <linkType>1</linkType>
                        </drillPath>
                        <expression>=pv!serviceReqData.requestNum</expression>
                        <formatToken>string</formatToken>
                        <group>false</group>
                        <lastFormatToken>string</lastFormatToken>
                        <localId>0</localId>
                        <name>Request Num</name>
                        <show>true</show>
                    </column>
                    <column>
                        <drillPath>
                            <enabled>false</enabled>
                        </drillPath>
                        <expression>=pp!initiator</expression>
                        <formatToken>users</formatToken>
                        <group>false</group>
                        <lastFormatToken>users</lastFormatToken>
                        <localId>1</localId>
                        <name>Started By</name>
                        <show>true</show>
                    </column>
                    <column>
                        <drillPath>
                            <enabled>false</enabled>
                        </drillPath>
                        <expression>=pv!serviceReqData.requestDateTime</expression>
                        <formatToken>datetime</formatToken>
                        <group>false</group>
                        <lastFormatToken>datetime</lastFormatToken>
                        <localId>2</localId>
                        <name>Start Time</name>
                        <show>true</show>
                    </column>
                    <column>
                        <drillPath>
                            <enabled>false</enabled>
                        </drillPath>
                        <expression>=pv!serviceReqData.requesterName</expression>
                        <formatToken>string</formatToken>
                        <group>false</group>
                        <lastFormatToken>string</lastFormatToken>
                        <localId>7</localId>
                        <name>Requester</name>
                        <show>true</show>
                    </column>
                    <column>
                        <drillPath>
                            <enabled>false</enabled>
                        </drillPath>
                        <expression>=pm!name</expression>
                        <formatToken>string</formatToken>
                        <group>false</group>
                        <lastFormatToken>string</lastFormatToken>
                        <localId>8</localId>
                        <name>pmName</name>
                        <show>false</show>
                    </column>
                    <column>
                        <drillPath>
                            <enabled>false</enabled>
                        </drillPath>
                        <expression>=pv!serviceReqData.type</expression>
                        <formatToken>string</formatToken>
                        <group>false</group>
                        <lastFormatToken>string</lastFormatToken>
                        <localId>9</localId>
                        <name>Type</name>
                        <show>true</show>
                    </column>
                    <column>
                        <drillPath>
                            <enabled>false</enabled>
                        </drillPath>
                        <expression>=#&quot;_a-0000da5f-caaa-8000-9ba2-011c48011c48_2630&quot;[pv!currentMilestone]</expression>
                        <formatToken>string</formatToken>
                        <group>false</group>
                        <lastFormatToken>string</lastFormatToken>
                        <localId>10</localId>
                        <name>Status</name>
                        <show>true</show>
                    </column>
                    <column>
                        <drillPath>
                            <enabled>false</enabled>
                        </drillPath>
                        <expression>=pv!serviceReqData.relatedCustomer.Name</expression>
                        <formatToken>string</formatToken>
                        <group>false</group>
                        <lastFormatToken>string</lastFormatToken>
                        <localId>11</localId>
                        <name>Customer</name>
                        <show>true</show>
                    </column>
                    <column>
                        <drillPath>
                            <enabled>true</enabled>
                            <expression>=pv!serviceReqData.relatedOrder.id</expression>
                            <linkType>7</linkType>
                        </drillPath>
                        <expression>=pv!serviceReqData.relatedOrder.OrderNum</expression>
                        <formatToken>string</formatToken>
                        <group>false</group>
                        <lastFormatToken>string</lastFormatToken>
                        <localId>12</localId>
                        <name>Related Order</name>
                        <show>true</show>
                    </column>
                    <column>
                        <drillPath>
                            <enabled>false</enabled>
                        </drillPath>
                        <expression>=pv!serviceReqData.resolutionTime</expression>
                        <formatToken>datetime</formatToken>
                        <group>false</group>
                        <lastFormatToken>datetime</lastFormatToken>
                        <localId>14</localId>
                        <name>Resolution Date</name>
                        <show>true</show>
                    </column>
                    <column>
                        <drillPath>
                            <enabled>false</enabled>
                        </drillPath>
                        <expression>=if(#&quot;_a-0000d9a9-eb56-8000-9e06-010000010000_751&quot;(pv!serviceReqData.resolutionTime),  now()-pv!serviceReqData.requestDateTime,  pv!serviceReqData.resolutionTime-pv!serviceReqData.requestDateTime)</expression>
                        <formatToken>durations</formatToken>
                        <group>false</group>
                        <lastFormatToken>durations</lastFormatToken>
                        <localId>4</localId>
                        <name>Case Duration</name>
                        <show>true</show>
                    </column>
                    <column>
                        <drillPath>
                            <enabled>false</enabled>
                        </drillPath>
                        <expression>=pp!id</expression>
                        <formatToken>number</formatToken>
                        <group>false</group>
                        <lastFormatToken>number</lastFormatToken>
                        <localId>15</localId>
                        <name>ppid</name>
                        <show>false</show>
                    </column>
                </columns>
                <contexts>
                    <context>
                        <stringId>000ada67-7d6e-8000-f92f-7f0000014e7a</stringId>
                        <type>20480</type>
                    </context>
                </contexts>
                <contextType>1</contextType>
                <quickFilters>
                    <quickFilter>
                        <defaultItem>0</defaultItem>
                        <quickFilterItems>
                            <quickFilterItem>
<filters>
    <dueTodayFilter>
        <apply>false</apply>
    </dueTodayFilter>
    <runningFilter>
        <apply>false</apply>
    </runningFilter>
    <lastNDaysFilter>
        <apply>false</apply>
        <dayCount>0.0</dayCount>
    </lastNDaysFilter>
    <completedFilter>
        <apply>false</apply>
    </completedFilter>
    <lastNCompletedFilter>
        <apply>false</apply>
        <completedCount>0</completedCount>
    </lastNCompletedFilter>
    <outsideNStandardDeviationsFilter>
        <apply>false</apply>
        <standardDeviationCount>0.0</standardDeviationCount>
    </outsideNStandardDeviationsFilter>
    <aheadOfScheduleFilter>
        <apply>false</apply>
    </aheadOfScheduleFilter>
    <behindScheduleFilter>
        <apply>false</apply>
    </behindScheduleFilter>
</filters>
<name>Any Time</name>
                            </quickFilterItem>
                            <quickFilterItem>
<filters>
    <dueTodayFilter>
        <apply>false</apply>
    </dueTodayFilter>
    <runningFilter>
        <apply>false</apply>
    </runningFilter>
    <lastNDaysFilter>
        <apply>true</apply>
        <dayCount>1.0</dayCount>
    </lastNDaysFilter>
    <completedFilter>
        <apply>false</apply>
    </completedFilter>
    <lastNCompletedFilter>
        <apply>false</apply>
        <completedCount>0</completedCount>
    </lastNCompletedFilter>
    <outsideNStandardDeviationsFilter>
        <apply>false</apply>
        <standardDeviationCount>0.0</standardDeviationCount>
    </outsideNStandardDeviationsFilter>
    <aheadOfScheduleFilter>
        <apply>false</apply>
    </aheadOfScheduleFilter>
    <behindScheduleFilter>
        <apply>false</apply>
    </behindScheduleFilter>
</filters>
<name>Last 24 Hours</name>
                            </quickFilterItem>
                            <quickFilterItem>
<filters>
    <dueTodayFilter>
        <apply>false</apply>
    </dueTodayFilter>
    <runningFilter>
        <apply>false</apply>
    </runningFilter>
    <lastNDaysFilter>
        <apply>true</apply>
        <dayCount>7.0</dayCount>
    </lastNDaysFilter>
    <completedFilter>
        <apply>false</apply>
    </completedFilter>
    <lastNCompletedFilter>
        <apply>false</apply>
        <completedCount>0</completedCount>
    </lastNCompletedFilter>
    <outsideNStandardDeviationsFilter>
        <apply>false</apply>
        <standardDeviationCount>0.0</standardDeviationCount>
    </outsideNStandardDeviationsFilter>
    <aheadOfScheduleFilter>
        <apply>false</apply>
    </aheadOfScheduleFilter>
    <behindScheduleFilter>
        <apply>false</apply>
    </behindScheduleFilter>
</filters>
<name>Last 7 days</name>
                            </quickFilterItem>
                            <quickFilterItem>
<filters>
    <dueTodayFilter>
        <apply>false</apply>
    </dueTodayFilter>
    <runningFilter>
        <apply>false</apply>
    </runningFilter>
    <lastNDaysFilter>
        <apply>true</apply>
        <dayCount>30.0</dayCount>
    </lastNDaysFilter>
    <completedFilter>
        <apply>false</apply>
    </completedFilter>
    <lastNCompletedFilter>
        <apply>false</apply>
        <completedCount>0</completedCount>
    </lastNCompletedFilter>
    <outsideNStandardDeviationsFilter>
        <apply>false</apply>
        <standardDeviationCount>0.0</standardDeviationCount>
    </outsideNStandardDeviationsFilter>
    <aheadOfScheduleFilter>
        <apply>false</apply>
    </aheadOfScheduleFilter>
    <behindScheduleFilter>
        <apply>false</apply>
    </behindScheduleFilter>
</filters>
<name>Last 30 days</name>
                            </quickFilterItem>
                            <quickFilterItem>
<filters>
    <dueTodayFilter>
        <apply>false</apply>
    </dueTodayFilter>
    <runningFilter>
        <apply>false</apply>
    </runningFilter>
    <lastNDaysFilter>
        <apply>true</apply>
        <dayCount>365.25</dayCount>
    </lastNDaysFilter>
    <completedFilter>
        <apply>false</apply>
    </completedFilter>
    <lastNCompletedFilter>
        <apply>false</apply>
        <completedCount>0</completedCount>
    </lastNCompletedFilter>
    <outsideNStandardDeviationsFilter>
        <apply>false</apply>
        <standardDeviationCount>0.0</standardDeviationCount>
    </outsideNStandardDeviationsFilter>
    <aheadOfScheduleFilter>
        <apply>false</apply>
    </aheadOfScheduleFilter>
    <behindScheduleFilter>
        <apply>false</apply>
    </behindScheduleFilter>
</filters>
<name>Last 365 days</name>
                            </quickFilterItem>
                        </quickFilterItems>
                        <name>Started</name>
                        <selectedItem>0</selectedItem>
                    </quickFilter>
                </quickFilters>
                <recursive>false</recursive>
                <sortColumnLocalId>2</sortColumnLocalId>
                <sortOrder>1</sortOrder>
                <startIndex>0</startIndex>
                <type>1</type>
            </metadata>
            <display>
                <description>Comparing processes from the same process model.</description>
                <displayThresholds>false</displayThresholds>
                <displayType>0</displayType>
                <name>Detailed Service Request Report</name>
                <quickFilterDisplay>1</quickFilterDisplay>
                <showLegend>true</showLegend>
                <showQuickFiltersInToolbar>true</showQuickFiltersInToolbar>
                <supportedTypes>
                    <supportedType>0</supportedType>
                    <supportedType>1</supportedType>
                    <supportedType>2</supportedType>
                    <supportedType>3</supportedType>
                </supportedTypes>
                <thresholdColumnLocalId>6</thresholdColumnLocalId>
                <thresholdColumnName>Performance</thresholdColumnName>
                <thresholds>
                    <threshold>
                        <iconUuid>SYSTEM_DOC_PERFORMANCE_INDICATOR_GREEN</iconUuid>
                        <defaultIconName>indicatorgreen</defaultIconName>
                        <label>Quickly Addressed</label>
                        <upperBound>0.2</upperBound>
                    </threshold>
                    <threshold>
                        <iconUuid>SYSTEM_DOC_PERFORMANCE_INDICATOR_YELLOW</iconUuid>
                        <defaultIconName>indicatoryellow</defaultIconName>
                        <label>Addressed In Time</label>
                        <upperBound>0.5</upperBound>
                    </threshold>
                    <threshold>
                        <iconUuid>SYSTEM_DOC_PERFORMANCE_INDICATOR_RED</iconUuid>
                        <defaultIconName>indicatorred</defaultIconName>
                        <label>Addressed Late</label>
                    </threshold>
                </thresholds>
                <useCustomToolbar>false</useCustomToolbar>
                <useDefaultBarGraphXML>true</useDefaultBarGraphXML>
                <useDefaultLineGraphXML>true</useDefaultLineGraphXML>
                <useDefaultPieGraphXML>true</useDefaultPieGraphXML>
            </display>
            <modified>false</modified>
            <showDisplayOptions>false</showDisplayOptions>
            <showTitle>false</showTitle>
            <showToolbar>false</showToolbar>
            <view>0</view>
            <writeAccess>false</writeAccess>
        </reportData>
    </report>
    <roleMap public="false">
        <role allowForAll="false" inherit="true" name="readers">
            <users/>
            <groups/>
        </role>
        <role allowForAll="false" inherit="true" name="authors">
            <users/>
            <groups/>
        </role>
        <role allowForAll="false" inherit="true" name="administrators">
            <users/>
            <groups/>
        </role>
        <role allowForAll="false" inherit="false" name="denyReaders">
            <users/>
            <groups/>
        </role>
        <role allowForAll="false" inherit="false" name="denyAuthors">
            <users/>
            <groups/>
        </role>
        <role allowForAll="false" inherit="false" name="denyAdministrators">
            <users/>
            <groups/>
        </role>
    </roleMap>
</contentHaul>
