<?xml version="1.0" encoding="UTF-8" standalone="yes"?>
<contentHaul xmlns:a="http://www.appian.com/ae/types/2009">
    <constant>
        <name>CASE_APP_Industry</name>
        <uuid>_a-0000d9a9-eb56-8000-9e06-010000010000_759</uuid>
        <description>This is a constant with sample industries.&#xD;
Systems Integrator;DoD Federal Government;Non-DoD Federal Government;State and Local Government;Aerospace / Defense;Chemicals;Construction;Consulting;Education;Energy/Utilities;Financial Services;Food Services;Foundations/NGOs;Healthcare;Hospitality/Entertainment;Insurance;Legal Services;Manufacturing;Marketing/Advertising;Media;Metals/Mining;Other;Pharmaceuticals;Real Estate;Retail;Services;Software;Telecommunications;Transportation</description>
        <parentUuid>_a-0000d9c4-bcac-8000-9ba2-011c48011c48_5840</parentUuid>
        <visibility>
            <advertise>false</advertise>
            <hierarchy>true</hierarchy>
            <indexable>true</indexable>
            <quota>false</quota>
            <searchable>true</searchable>
            <system>false</system>
            <unlogged>false</unlogged>
        </visibility>
        <typedValue>
            <type>
                <name>Text?list</name>
                <namespace>http://www.appian.com/ae/types/2009</namespace>
            </type>
            <value>
                <el>Systems Integrator</el>
                <el>DoD Federal Government</el>
                <el>Non-DoD Federal Government</el>
                <el>State and Local Government</el>
                <el>Aerospace / Defense</el>
                <el>Chemicals</el>
                <el>Construction</el>
                <el>Consulting</el>
                <el>Education</el>
                <el>Energy/Utilities</el>
                <el>Financial Services</el>
                <el>Food Services</el>
                <el>Foundations/NGOs</el>
                <el>Healthcare</el>
                <el>Hospitality/Entertainment</el>
                <el>Insurance</el>
                <el>Legal Services</el>
                <el>Manufacturing</el>
                <el>Marketing/Advertising</el>
                <el>Media</el>
                <el>Metals/Mining</el>
                <el>Other</el>
                <el>Pharmaceuticals</el>
                <el>Real Estate</el>
                <el>Retail</el>
                <el>Services</el>
                <el>Software</el>
                <el>Telecommunications</el>
                <el>Transportation</el>
            </value>
        </typedValue>
    </constant>
    <roleMap public="true">
        <role allowForAll="false" inherit="true" name="readers">
            <users/>
            <groups/>
        </role>
        <role allowForAll="false" inherit="true" name="authors">
            <users/>
            <groups/>
        </role>
        <role allowForAll="false" inherit="true" name="administrators">
            <users/>
            <groups/>
        </role>
        <role allowForAll="false" inherit="false" name="denyReaders">
            <users/>
            <groups/>
        </role>
        <role allowForAll="false" inherit="false" name="denyAuthors">
            <users/>
            <groups/>
        </role>
        <role allowForAll="false" inherit="false" name="denyAdministrators">
            <users/>
            <groups/>
        </role>
    </roleMap>
</contentHaul>
