<?xml version="1.0" encoding="UTF-8" standalone="yes"?>
<contentHaul xmlns:a="http://www.appian.com/ae/types/2009">
    <rule>
        <name>CASE_APP_SR_getImageByStatus</name>
        <uuid>_a-0000da5f-caaa-8000-9ba2-011c48011c48_2838</uuid>
        <description>Retrieves an image by status for the Service Request</description>
        <parentUuid>_a-0000da5f-caaa-8000-9ba2-011c48011c48_2617</parentUuid>
        <visibility>
            <advertise>false</advertise>
            <hierarchy>true</hierarchy>
            <indexable>true</indexable>
            <quota>false</quota>
            <searchable>true</searchable>
            <system>false</system>
            <unlogged>false</unlogged>
        </visibility>
        <definition>=if(caseStatus=#&quot;_a-0000da5f-caaa-8000-9ba2-011c48011c48_2630&quot;[4],
  #&quot;_a-0000da5f-caaa-8000-9ba2-011c48011c48_2837&quot;,
  #&quot;_a-0000da5f-caaa-8000-9ba2-011c48011c48_2836&quot;
)</definition>
        <namedTypedValue>
            <name>caseStatus</name>
            <type>
                <name>string</name>
                <namespace>http://www.w3.org/2001/XMLSchema</namespace>
            </type>
            <value/>
        </namedTypedValue>
        <preferredEditor>legacy</preferredEditor>
    </rule>
    <roleMap public="true">
        <role allowForAll="false" inherit="true" name="readers">
            <users/>
            <groups/>
        </role>
        <role allowForAll="false" inherit="true" name="authors">
            <users/>
            <groups/>
        </role>
        <role allowForAll="false" inherit="true" name="administrators">
            <users>
                <userUuid>jorge.sanchez</userUuid>
            </users>
            <groups/>
        </role>
        <role allowForAll="false" inherit="false" name="denyReaders">
            <users/>
            <groups/>
        </role>
        <role allowForAll="false" inherit="false" name="denyAuthors">
            <users/>
            <groups/>
        </role>
        <role allowForAll="false" inherit="false" name="denyAdministrators">
            <users/>
            <groups/>
        </role>
    </roleMap>
</contentHaul>
