<?xml version="1.0" encoding="UTF-8" standalone="yes"?>
<contentHaul xmlns:a="http://www.appian.com/ae/types/2009">
    <rule>
        <name>CASE_APP_getImageForDocumentType</name>
        <uuid>_a-0000da89-b5e9-8000-9ba2-011c48011c48_3514</uuid>
        <description></description>
        <parentUuid>_a-0000d9b9-6309-8000-9ba2-011c48011c48_1751</parentUuid>
        <visibility>
            <advertise>false</advertise>
            <hierarchy>true</hierarchy>
            <indexable>true</indexable>
            <quota>false</quota>
            <searchable>true</searchable>
            <system>false</system>
            <unlogged>false</unlogged>
        </visibility>
        <definition>=#&quot;SYSTEM_SYSRULES_documentImage&quot;(document: with(
  local!ext:upper(document(ri!doc,&quot;extension&quot;)),
  local!isImage:contains(#&quot;_a-0000da89-b5e9-8000-9ba2-011c48011c48_3516&quot;, local!ext),
  local!isDoc:contains(#&quot;_a-0000da89-b5e9-8000-9ba2-011c48011c48_3515&quot;, local!ext),
  if(and(not(local!isImage),not(local!isDoc)),
    #&quot;_a-0000da89-b5e9-8000-9ba2-011c48011c48_3518&quot;[1],
    if(local!isImage,
      ri!doc,
      #&quot;_a-0000da89-b5e9-8000-9ba2-011c48011c48_3518&quot;[wherecontains(local!ext,#&quot;_a-0000da89-b5e9-8000-9ba2-011c48011c48_3519&quot;)]
    )
  )
))</definition>
        <namedTypedValue>
            <name>doc</name>
            <type>
                <name>CollaborationDocument</name>
                <namespace>http://www.appian.com/ae/types/2009</namespace>
            </type>
        </namedTypedValue>
        <preferredEditor>legacy</preferredEditor>
    </rule>
    <roleMap public="true">
        <role allowForAll="false" inherit="true" name="readers">
            <users/>
            <groups/>
        </role>
        <role allowForAll="false" inherit="true" name="authors">
            <users/>
            <groups/>
        </role>
        <role allowForAll="false" inherit="true" name="administrators">
            <users>
                <userUuid>jorge.sanchez</userUuid>
            </users>
            <groups/>
        </role>
        <role allowForAll="false" inherit="false" name="denyReaders">
            <users/>
            <groups/>
        </role>
        <role allowForAll="false" inherit="false" name="denyAuthors">
            <users/>
            <groups/>
        </role>
        <role allowForAll="false" inherit="false" name="denyAdministrators">
            <users/>
            <groups/>
        </role>
    </roleMap>
</contentHaul>
