<?xml version="1.0" encoding="UTF-8" standalone="yes"?>
<contentHaul xmlns:a="http://www.appian.com/ae/types/2009">
    <rule>
        <name>CASE_APP_ProductDashboardDetailsSection</name>
        <uuid>_a-0000d9c4-bcac-8000-9ba2-011c48011c48_4332</uuid>
        <description>Details section of the CASE_APP Product summary dashboard, which can be re-used</description>
        <parentUuid>_a-0000d9c4-bcac-8000-9ba2-011c48011c48_5845</parentUuid>
        <visibility>
            <advertise>false</advertise>
            <hierarchy>true</hierarchy>
            <indexable>true</indexable>
            <quota>false</quota>
            <searchable>true</searchable>
            <system>false</system>
            <unlogged>false</unlogged>
        </visibility>
        <definition>= {
  #&quot;SYSTEM_SYSRULES_sectionLayout&quot;(
    label: &quot;Product Details&quot;,
    firstColumnContents: {
      if(#&quot;_a-0000d9a9-eb56-8000-9e06-010000010000_751&quot;(ri!product.productImageDocId),
        {},
        #&quot;SYSTEM_SYSRULES_imageField&quot;(
          images:#&quot;SYSTEM_SYSRULES_documentImage&quot;(document:todocument(ri!product.productImageDocId))
        )
      ),
      #&quot;SYSTEM_SYSRULES_textField&quot;(
        label: &quot;Model Number&quot;,
        labelPosition: &quot;ADJACENT&quot;,
        value: ri!product.modelNumber,
        readOnly: true
      ),         
      #&quot;SYSTEM_SYSRULES_textField&quot;(
        label: &quot;SKU&quot;,
        labelPosition: &quot;ADJACENT&quot;,
        value: ri!product.sku,
        readOnly: true
      ),
      #&quot;SYSTEM_SYSRULES_textField&quot;(
        label: &quot;Category&quot;,
        labelPosition: &quot;ADJACENT&quot;,
        value: ri!product.productCategory,
        readOnly: true
      )
    },
    secondColumnContents: {
      #&quot;SYSTEM_SYSRULES_paragraphField&quot;(
        label: &quot;Description&quot;,
        labelPosition: &quot;ADJACENT&quot;,
        value: ri!product.description,
        readOnly: true
      ),
      #&quot;SYSTEM_SYSRULES_textField&quot;(
        label: &quot;Manufacturer&quot;,
        labelPosition: &quot;ADJACENT&quot;,
        value: ri!product.manufacturer,
        readOnly: true
      ),  
      #&quot;SYSTEM_SYSRULES_dateField&quot;(
        label:&quot;Release Date&quot;,
	      labelPosition: &quot;ADJACENT&quot;,
        value: ri!product.releaseDate,
        readOnly:true
      ),
      #&quot;SYSTEM_SYSRULES_textField&quot;(
        label: &quot;Price&quot;,
        labelPosition: &quot;ADJACENT&quot;,
        value: dollar(ri!product.price),
        readOnly: true
      ),          
      #&quot;SYSTEM_SYSRULES_textField&quot;(
        label: &quot;Quantity&quot;,
        labelPosition: &quot;ADJACENT&quot;,
        value: ri!product.quantity,
        readOnly: true
      )
    }
  )
}</definition>
        <namedTypedValue>
            <name>product</name>
            <type>
                <name>Variant</name>
                <namespace>http://www.appian.com/ae/types/2009</namespace>
            </type>
        </namedTypedValue>
        <preferredEditor>interface</preferredEditor>
    </rule>
    <roleMap public="true">
        <role allowForAll="false" inherit="true" name="readers">
            <users/>
            <groups/>
        </role>
        <role allowForAll="false" inherit="true" name="authors">
            <users/>
            <groups/>
        </role>
        <role allowForAll="false" inherit="true" name="administrators">
            <users>
                <userUuid>jorge.sanchez</userUuid>
            </users>
            <groups/>
        </role>
        <role allowForAll="false" inherit="false" name="denyReaders">
            <users/>
            <groups/>
        </role>
        <role allowForAll="false" inherit="false" name="denyAuthors">
            <users/>
            <groups/>
        </role>
        <role allowForAll="false" inherit="false" name="denyAdministrators">
            <users/>
            <groups/>
        </role>
    </roleMap>
</contentHaul>
