<?xml version="1.0" encoding="UTF-8" standalone="yes"?>
<contentHaul xmlns:a="http://www.appian.com/ae/types/2009">
    <rule>
        <name>CASE_APP_getPopularProductsInOrders</name>
        <uuid>c3db9919-aac8-4cf1-bc26-258df97e9fd2</uuid>
        <description>Gives the most bought products in the provided order lists. It also gives the option to filter out products from this list.</description>
        <parentUuid>_a-0000d9c4-bcac-8000-9ba2-011c48011c48_5847</parentUuid>
        <visibility>
            <advertise>false</advertise>
            <hierarchy>true</hierarchy>
            <indexable>true</indexable>
            <quota>false</quota>
            <searchable>true</searchable>
            <system>false</system>
            <unlogged>false</unlogged>
        </visibility>
        <definition>#&quot;SYSTEM_SYSRULES_queryEntity&quot;(
  entity: #&quot;_a-0000da89-b5e9-8000-9ba2-011c48011c48_3190&quot;,
  query: #&quot;SYSTEM_SYSRULES_query&quot;(
    aggregation: #&quot;SYSTEM_SYSRULES_queryAggregation&quot;(aggregationColumns: {
      #&quot;SYSTEM_SYSRULES_queryAggregationColumn&quot;(field: &quot;productId&quot;, isGrouping: true),
      #&quot;SYSTEM_SYSRULES_queryAggregationColumn&quot;(field: &quot;orderItemQty&quot;, aggregationFunction: &quot;SUM&quot;)
    }),
    logicalExpression:#&quot;SYSTEM_SYSRULES_queryLogicalExpression&quot;(
      operator:&quot;AND&quot;,
      filters: {
        #&quot;SYSTEM_SYSRULES_queryFilter&quot;(&quot;orderId&quot;,&quot;in&quot;,ri!orderIds),
        if(#&quot;_a-0000d9b9-6309-8000-9ba2-011c48011c48_1982&quot;(ri!filteredProductIds),
          {},
          #&quot;SYSTEM_SYSRULES_queryFilter&quot;(&quot;productId&quot;,&quot;not in&quot;,ri!filteredProductIds)
        )
      }
    ),
    pagingInfo: #&quot;SYSTEM_SYSRULES_pagingInfo&quot;(
      startIndex: 1,
      batchSize: if(#&quot;_a-0000d9a9-eb56-8000-9e06-010000010000_751&quot;(ri!batchSize),5,ri!batchSize),
      sort: #&quot;SYSTEM_SYSRULES_sortInfo&quot;(
        field: &quot;orderItemQty&quot;,
        ascending: false
      )
    )
  )
)</definition>
        <namedTypedValue>
            <name>orderIds</name>
            <type>
                <name>Integer?list</name>
                <namespace>http://www.appian.com/ae/types/2009</namespace>
            </type>
        </namedTypedValue>
        <namedTypedValue>
            <name>filteredProductIds</name>
            <type>
                <name>Integer?list</name>
                <namespace>http://www.appian.com/ae/types/2009</namespace>
            </type>
        </namedTypedValue>
        <namedTypedValue>
            <name>batchSize</name>
            <type>
                <name>int</name>
                <namespace>http://www.w3.org/2001/XMLSchema</namespace>
            </type>
        </namedTypedValue>
        <preferredEditor>interface</preferredEditor>
    </rule>
    <roleMap public="true">
        <role allowForAll="false" inherit="true" name="readers">
            <users/>
            <groups/>
        </role>
        <role allowForAll="false" inherit="true" name="authors">
            <users/>
            <groups/>
        </role>
        <role allowForAll="false" inherit="true" name="administrators">
            <users>
                <userUuid>jorge.sanchez</userUuid>
            </users>
            <groups/>
        </role>
        <role allowForAll="false" inherit="false" name="denyReaders">
            <users/>
            <groups/>
        </role>
        <role allowForAll="false" inherit="false" name="denyAuthors">
            <users/>
            <groups/>
        </role>
        <role allowForAll="false" inherit="false" name="denyAdministrators">
            <users/>
            <groups/>
        </role>
    </roleMap>
</contentHaul>
