<?xml version="1.0" encoding="UTF-8" standalone="yes"?>
<contentHaul xmlns:a="http://www.appian.com/ae/types/2009">
    <rule>
        <name>CASE_APP_deleteCustomer</name>
        <uuid>cdbea1e7-30b9-4e0a-b7b2-34c566bf031c</uuid>
        <description>Initial form to confirm the deletion of a customer in the CASE_APP</description>
        <parentUuid>_a-0000d9c4-bcac-8000-9ba2-011c48011c48_5839</parentUuid>
        <visibility>
            <advertise>false</advertise>
            <hierarchy>true</hierarchy>
            <indexable>true</indexable>
            <quota>false</quota>
            <searchable>true</searchable>
            <system>false</system>
            <unlogged>false</unlogged>
        </visibility>
        <definition>#&quot;SYSTEM_SYSRULES_formLayout&quot;(&#xD;
  label: &quot;Confirm deletion of customer: &quot; &amp; ri!customerData.Name,  &#xD;
  firstColumnContents: {&#xD;
  #&quot;_a-0000d9b9-6309-8000-9ba2-011c48011c48_2134&quot;(c:ri!customerData)  &#xD;
  },&#xD;
  buttons: #&quot;SYSTEM_SYSRULES_ButtonLayout&quot;(&#xD;
    primaryButtons: {&#xD;
      #&quot;SYSTEM_SYSRULES_ButtonWidgetSubmit&quot;(&#xD;
        label: &quot;Delete&quot;,&#xD;
        style: &quot;DESTRUCTIVE&quot;,&#xD;
        value: &quot;submit&quot;,&#xD;
        confirmMessage:&quot;Are you sure you want to delete this customer?&quot;,&#xD;
        saveInto: ri!button&#xD;
      ),&#xD;
      #&quot;SYSTEM_SYSRULES_ButtonWidgetSubmit&quot;(&#xD;
        label: &quot;Cancel&quot;,&#xD;
        skipValidation: true,&#xD;
        value: &quot;cancel&quot;,&#xD;
        saveInto: ri!button&#xD;
      )&#xD;
    } &#xD;
  ) &#xD;
)</definition>
        <namedTypedValue>
            <name>customerData</name>
            <type>
                <name>Variant</name>
                <namespace>http://www.appian.com/ae/types/2009</namespace>
            </type>
        </namedTypedValue>
        <namedTypedValue>
            <name>logo</name>
            <type>
                <name>Variant</name>
                <namespace>http://www.appian.com/ae/types/2009</namespace>
            </type>
        </namedTypedValue>
        <namedTypedValue>
            <name>button</name>
            <type>
                <name>Variant</name>
                <namespace>http://www.appian.com/ae/types/2009</namespace>
            </type>
        </namedTypedValue>
        <preferredEditor>interface</preferredEditor>
    </rule>
    <roleMap public="true">
        <role allowForAll="false" inherit="true" name="readers">
            <users/>
            <groups/>
        </role>
        <role allowForAll="false" inherit="true" name="authors">
            <users/>
            <groups/>
        </role>
        <role allowForAll="false" inherit="true" name="administrators">
            <users/>
            <groups/>
        </role>
        <role allowForAll="false" inherit="false" name="denyReaders">
            <users/>
            <groups/>
        </role>
        <role allowForAll="false" inherit="false" name="denyAuthors">
            <users/>
            <groups/>
        </role>
        <role allowForAll="false" inherit="false" name="denyAdministrators">
            <users/>
            <groups/>
        </role>
    </roleMap>
</contentHaul>
