<?xml version="1.0" encoding="UTF-8" standalone="yes"?>
<contentHaul xmlns:a="http://www.appian.com/ae/types/2009">
    <rule>
        <name>CASE_APP_getOrdersWithProduct</name>
        <uuid>dcdda2a1-f6f4-4b09-9bc1-4664604a3533</uuid>
        <description>Retrieves a datasubset of all orders that have a specific product ids.</description>
        <parentUuid>_a-0000d9c4-bcac-8000-9ba2-011c48011c48_5847</parentUuid>
        <visibility>
            <advertise>false</advertise>
            <hierarchy>true</hierarchy>
            <indexable>true</indexable>
            <quota>false</quota>
            <searchable>true</searchable>
            <system>false</system>
            <unlogged>false</unlogged>
        </visibility>
        <definition>#&quot;SYSTEM_SYSRULES_queryEntity&quot;(
  entity: #&quot;_a-0000da89-b5e9-8000-9ba2-011c48011c48_3190&quot;,
  query: #&quot;SYSTEM_SYSRULES_query&quot;(
    aggregation: #&quot;SYSTEM_SYSRULES_queryAggregation&quot;(aggregationColumns: {
      #&quot;SYSTEM_SYSRULES_queryAggregationColumn&quot;(field: &quot;orderId&quot;, isGrouping: true),
      #&quot;SYSTEM_SYSRULES_queryAggregationColumn&quot;(field: &quot;orderTotal&quot;, isGrouping: true)
    }),
    filter:#&quot;SYSTEM_SYSRULES_queryFilter&quot;(&quot;productId&quot;,&quot;in&quot;,ri!productIds),
    pagingInfo:  #&quot;SYSTEM_SYSRULES_pagingInfo&quot;(
      startIndex: 1,
      batchSize: 20,
      sort: #&quot;SYSTEM_SYSRULES_sortInfo&quot;(
        field: &quot;orderTotal&quot;,
        ascending: false
      )
    )
  )
)</definition>
        <namedTypedValue>
            <name>productIds</name>
            <type>
                <name>Integer?list</name>
                <namespace>http://www.appian.com/ae/types/2009</namespace>
            </type>
        </namedTypedValue>
        <preferredEditor>interface</preferredEditor>
    </rule>
    <roleMap public="true">
        <role allowForAll="false" inherit="true" name="readers">
            <users/>
            <groups/>
        </role>
        <role allowForAll="false" inherit="true" name="authors">
            <users/>
            <groups/>
        </role>
        <role allowForAll="false" inherit="true" name="administrators">
            <users>
                <userUuid>jorge.sanchez</userUuid>
            </users>
            <groups/>
        </role>
        <role allowForAll="false" inherit="false" name="denyReaders">
            <users/>
            <groups/>
        </role>
        <role allowForAll="false" inherit="false" name="denyAuthors">
            <users/>
            <groups/>
        </role>
        <role allowForAll="false" inherit="false" name="denyAdministrators">
            <users/>
            <groups/>
        </role>
    </roleMap>
</contentHaul>
