<?xml version="1.0" encoding="UTF-8" standalone="yes"?>
<contentHaul xmlns:a="http://www.appian.com/ae/types/2009">
    <rule>
        <name>CASE_APP_PieAvgOrderAmountByIndustry</name>
        <uuid>f453213f-a183-4c3f-a478-fda75de4a0c2</uuid>
        <description>Shows a pie chart with the average order amount by customer industry</description>
        <parentUuid>_a-0000d9c4-bcac-8000-9ba2-011c48011c48_5995</parentUuid>
        <visibility>
            <advertise>false</advertise>
            <hierarchy>true</hierarchy>
            <indexable>true</indexable>
            <quota>false</quota>
            <searchable>true</searchable>
            <system>false</system>
            <unlogged>false</unlogged>
        </visibility>
        <definition>load(
  local!pagingInfo: #&quot;SYSTEM_SYSRULES_pagingInfo&quot;(
    startIndex: 1,
    batchSize: 20,
    sort: #&quot;SYSTEM_SYSRULES_sortInfo&quot;(
      field: &quot;Total&quot;,
      ascending: false
    )
  ),
  with(
    local!datasubset: queryrecord(
      #&quot;_a-0000d9c4-bcac-8000-9ba2-011c48011c48_6210&quot;,
      #&quot;SYSTEM_SYSRULES_query&quot;(
        aggregation: #&quot;SYSTEM_SYSRULES_queryAggregation&quot;(aggregationColumns: {
          #&quot;SYSTEM_SYSRULES_queryAggregationColumn&quot;(field: &quot;Customer.Industry&quot;, alias:&quot;Industry&quot;, isGrouping: true),
          #&quot;SYSTEM_SYSRULES_queryAggregationColumn&quot;(field: &quot;Total&quot;, aggregationFunction: &quot;AVG&quot;),
        }),
        pagingInfo: local!pagingInfo
      )
    ),
    #&quot;SYSTEM_SYSRULES_barChartField&quot;(
      label: &quot;Average Order Amount by Industry&quot;,
      categories: index(local!datasubset.data, &quot;Industry&quot;, {}),
      series: #&quot;SYSTEM_SYSRULES_chartSeries&quot;(
        label: &quot;Total Order $&quot;,
        data: dollar(index(local!datasubset.data, &quot;Total&quot;, {}), 2,0),
        links: apply(
          #&quot;SYSTEM_SYSRULES_dynamicLink&quot;(value:_,saveInto:ri!industryFilter),
          index(local!datasubset.data, &quot;Industry&quot;, {})
        )
      ),
      yAxisTitle: &quot;Avg Order Amount in $&quot;,
      showLegend: true,
      showDataLabels: false,
      showTooltips: true,
      allowdecimalaxislabels: false
    )
  )
)
</definition>
        <namedTypedValue>
            <name>industryFilter</name>
            <type>
                <name>string</name>
                <namespace>http://www.w3.org/2001/XMLSchema</namespace>
            </type>
            <value/>
        </namedTypedValue>
        <preferredEditor>interface</preferredEditor>
    </rule>
    <roleMap public="true">
        <role allowForAll="false" inherit="true" name="readers">
            <users/>
            <groups/>
        </role>
        <role allowForAll="false" inherit="true" name="authors">
            <users/>
            <groups/>
        </role>
        <role allowForAll="false" inherit="true" name="administrators">
            <users>
                <userUuid>malcolm.ross@appian.com</userUuid>
            </users>
            <groups/>
        </role>
        <role allowForAll="false" inherit="false" name="denyReaders">
            <users/>
            <groups/>
        </role>
        <role allowForAll="false" inherit="false" name="denyAuthors">
            <users/>
            <groups/>
        </role>
        <role allowForAll="false" inherit="false" name="denyAdministrators">
            <users/>
            <groups/>
        </role>
    </roleMap>
</contentHaul>
