<?xml version="1.0" encoding="UTF-8" standalone="yes"?>
<groupHaul xmlns:a="http://www.appian.com/ae/types/2009">
    <group>
        <name>CASE_APP Power Users</name>
        <securityMap>SECURITYMAP_PUBLIC</securityMap>
        <uuid>_e-0000da5f-caa8-8000-9aee-01075c01075c_16</uuid>
        <groupTypeUuid>_f-0000d9ab-7cdd-8000-9e04-010000010000_3</groupTypeUuid>
        <description>Members of this group are Power End-Users. Members have special privileges such as visibility into all Customers, Orders and Products, as well as special permissions.</description>
        <delegatedCreation>false</delegatedCreation>
        <memberPolicy>MEMBERPOLICY_CLOSED</memberPolicy>
        <viewingPolicy>VIEWINGPOLICY_LOW</viewingPolicy>
        <attributes/>
    </group>
    <members>
        <users>
            <userUuid>suvajit.gupta</userUuid>
        </users>
        <groups>
            <groupUuid>_e-0000d9c4-bcae-8000-9aee-01075c01075c_17</groupUuid>
        </groups>
    </members>
    <admins>
        <users/>
        <groups>
            <groupUuid>_e-0000d9c4-bcae-8000-9aee-01075c01075c_17</groupUuid>
        </groups>
    </admins>
    <ruleSet/>
</groupHaul>
