<?xml version="1.0" encoding="UTF-8" standalone="yes"?>
<groupHaul xmlns:a="http://www.appian.com/ae/types/2009">
    <group>
        <name>CASE_APP Products</name>
        <securityMap>SECURITYMAP_PUBLIC</securityMap>
        <uuid>_e-0000d9c4-bcae-8000-9aee-01075c01075c_26</uuid>
        <groupTypeUuid>_f-0000d9ab-7cdd-8000-9e04-010000010000_3</groupTypeUuid>
        <description>Group for all members of the Products organization</description>
        <delegatedCreation>false</delegatedCreation>
        <memberPolicy>MEMBERPOLICY_CLOSED</memberPolicy>
        <viewingPolicy>VIEWINGPOLICY_LOW</viewingPolicy>
        <attributes/>
    </group>
    <members>
        <users>
            <userUuid>marie.turner</userUuid>
            <userUuid>jorge.enduser</userUuid>
            <userUuid>kevin.reed</userUuid>
            <userUuid>debra.harrison</userUuid>
            <userUuid>valerie.boyce</userUuid>
            <userUuid>kenneth.lewis</userUuid>
            <userUuid>edward.phillips</userUuid>
            <userUuid>charles.parker</userUuid>
            <userUuid>john.rogers</userUuid>
            <userUuid>john.ross</userUuid>
            <userUuid>patricia.johnson</userUuid>
            <userUuid>paul.rao</userUuid>
            <userUuid>joseph.clark</userUuid>
            <userUuid>sarah.robinson</userUuid>
            <userUuid>amy.lee</userUuid>
            <userUuid>michael.cooper</userUuid>
            <userUuid>jessica.williams</userUuid>
            <userUuid>robert.ward</userUuid>
            <userUuid>lisa.walker</userUuid>
            <userUuid>zach.messler</userUuid>
            <userUuid>stephen.singh</userUuid>
            <userUuid>david.evans</userUuid>
            <userUuid>laura.davis</userUuid>
            <userUuid>karen.anderson</userUuid>
            <userUuid>peter.harris</userUuid>
            <userUuid>angela.lewis</userUuid>
            <userUuid>jorge.sanchez</userUuid>
            <userUuid>linda.jones</userUuid>
            <userUuid>brigid.kessler</userUuid>
            <userUuid>george.garcia</userUuid>
            <userUuid>brian.chen</userUuid>
            <userUuid>martin.morgan</userUuid>
            <userUuid>donna.miller</userUuid>
            <userUuid>sharon.white</userUuid>
            <userUuid>malcolm.ross@appian.com</userUuid>
            <userUuid>james.baker</userUuid>
            <userUuid>deborah.geary</userUuid>
            <userUuid>sandra.taylor</userUuid>
            <userUuid>virginia.lane</userUuid>
            <userUuid>ruth.jackson</userUuid>
            <userUuid>daniel.nelson</userUuid>
            <userUuid>anthony.hill</userUuid>
            <userUuid>mary.king</userUuid>
            <userUuid>timothy.kim</userUuid>
        </users>
        <groups/>
    </members>
    <admins>
        <users/>
        <groups>
            <groupUuid>_e-0000d9c4-bcae-8000-9aee-01075c01075c_17</groupUuid>
        </groups>
    </admins>
    <ruleSet/>
</groupHaul>
