<?xml version="1.0" encoding="UTF-8" standalone="yes"?>
<groupHaul xmlns:a="http://www.appian.com/ae/types/2009">
    <group>
        <name>CASE_APP Designers</name>
        <securityMap>SECURITYMAP_PUBLIC</securityMap>
        <uuid>_e-0000d9c4-bcae-8000-9aee-01075c01075c_17</uuid>
        <groupTypeUuid>_f-0000d9ab-7cdd-8000-9e04-010000010000_3</groupTypeUuid>
        <description>Users who will have access to design objects for the CASE_APP</description>
        <delegatedCreation>false</delegatedCreation>
        <memberPolicy>MEMBERPOLICY_CLOSED</memberPolicy>
        <viewingPolicy>VIEWINGPOLICY_LOW</viewingPolicy>
        <attributes/>
    </group>
    <members>
        <users>
            <userUuid>malcolm.ross@appian.com</userUuid>
            <userUuid>jorge.sanchez</userUuid>
            <userUuid>zach.messler</userUuid>
        </users>
        <groups/>
    </members>
    <admins>
        <users>
            <userUuid>malcolm.ross@appian.com</userUuid>
            <userUuid>jorge.sanchez</userUuid>
        </users>
        <groups/>
    </admins>
    <ruleSet/>
</groupHaul>
