<?xml version="1.0" encoding="UTF-8" standalone="yes"?>
<recordTypeHaul xmlns:a="http://www.appian.com/ae/types/2009">
    <recordType name="Customer" a:uuid="7db9a56b-b303-46e1-81c9-c11dfffab8d8">
        <a:pluralName>Customers</a:pluralName>
        <a:description>Active customers</a:description>
        <a:urlStub>case-app-customers</a:urlStub>
        <a:source xmlns:xsi="http://www.w3.org/2001/XMLSchema-instance" xsi:type="a:DataStoreEntity" a:uuid="0fd91800-d3d0-47eb-8355-2e65cf3c3d42@_a-0000da5f-b0b8-8000-9ba2-011c48011c48_12642"/>
        <a:listViewTemplateExpr>=#&quot;_a-0000d9a9-8a1d-8000-9e06-010000010000_719&quot;()</a:listViewTemplateExpr>
        <a:fieldCfg name="Industry Filter">
            <a:description></a:description>
            <a:sourceRef>Industry</a:sourceRef>
            <a:isSortable>false</a:isSortable>
            <a:isSearchable>false</a:isSearchable>
            <a:isFacet>true</a:isFacet>
            <a:facetType>CUSTOM_BUCKETS_CLOSED</a:facetType>
            <a:isExclusiveFacet>true</a:isExclusiveFacet>
            <a:facetLabelExpr>=&quot;Industry&quot;</a:facetLabelExpr>
            <a:facetOption>
                <a:labelExpr>=#&quot;_a-0000d9a9-eb56-8000-9e06-010000010000_759&quot;[1]</a:labelExpr>
                <a:facetOperator>IN</a:facetOperator>
                <a:lowerLimitExpr></a:lowerLimitExpr>
                <a:upperLimitExpr></a:upperLimitExpr>
                <a:values>=#&quot;_a-0000d9a9-eb56-8000-9e06-010000010000_759&quot;[1]</a:values>
            </a:facetOption>
            <a:facetOption>
                <a:labelExpr>=#&quot;_a-0000d9a9-eb56-8000-9e06-010000010000_759&quot;[2]</a:labelExpr>
                <a:facetOperator>IN</a:facetOperator>
                <a:lowerLimitExpr></a:lowerLimitExpr>
                <a:upperLimitExpr></a:upperLimitExpr>
                <a:values>=#&quot;_a-0000d9a9-eb56-8000-9e06-010000010000_759&quot;[2]</a:values>
            </a:facetOption>
            <a:facetOption>
                <a:labelExpr>=#&quot;_a-0000d9a9-eb56-8000-9e06-010000010000_759&quot;[3]</a:labelExpr>
                <a:facetOperator>IN</a:facetOperator>
                <a:lowerLimitExpr></a:lowerLimitExpr>
                <a:upperLimitExpr></a:upperLimitExpr>
                <a:values>=#&quot;_a-0000d9a9-eb56-8000-9e06-010000010000_759&quot;[3]</a:values>
            </a:facetOption>
            <a:facetOption>
                <a:labelExpr>=#&quot;_a-0000d9a9-eb56-8000-9e06-010000010000_759&quot;[4]</a:labelExpr>
                <a:facetOperator>IN</a:facetOperator>
                <a:lowerLimitExpr></a:lowerLimitExpr>
                <a:upperLimitExpr></a:upperLimitExpr>
                <a:values>=#&quot;_a-0000d9a9-eb56-8000-9e06-010000010000_759&quot;[4]</a:values>
            </a:facetOption>
            <a:facetOption>
                <a:labelExpr>=#&quot;_a-0000d9a9-eb56-8000-9e06-010000010000_759&quot;[5]</a:labelExpr>
                <a:facetOperator>IN</a:facetOperator>
                <a:lowerLimitExpr></a:lowerLimitExpr>
                <a:upperLimitExpr></a:upperLimitExpr>
                <a:values>=#&quot;_a-0000d9a9-eb56-8000-9e06-010000010000_759&quot;[5]</a:values>
            </a:facetOption>
            <a:facetOption>
                <a:labelExpr>=#&quot;_a-0000d9a9-eb56-8000-9e06-010000010000_759&quot;[6]</a:labelExpr>
                <a:facetOperator>IN</a:facetOperator>
                <a:lowerLimitExpr></a:lowerLimitExpr>
                <a:upperLimitExpr></a:upperLimitExpr>
                <a:values>=#&quot;_a-0000d9a9-eb56-8000-9e06-010000010000_759&quot;[6]</a:values>
            </a:facetOption>
            <a:facetOption>
                <a:labelExpr>=#&quot;_a-0000d9a9-eb56-8000-9e06-010000010000_759&quot;[7]</a:labelExpr>
                <a:facetOperator>IN</a:facetOperator>
                <a:lowerLimitExpr></a:lowerLimitExpr>
                <a:upperLimitExpr></a:upperLimitExpr>
                <a:values>=#&quot;_a-0000d9a9-eb56-8000-9e06-010000010000_759&quot;[7]</a:values>
            </a:facetOption>
            <a:facetOption>
                <a:labelExpr>=#&quot;_a-0000d9a9-eb56-8000-9e06-010000010000_759&quot;[8]</a:labelExpr>
                <a:facetOperator>IN</a:facetOperator>
                <a:lowerLimitExpr></a:lowerLimitExpr>
                <a:upperLimitExpr></a:upperLimitExpr>
                <a:values>=#&quot;_a-0000d9a9-eb56-8000-9e06-010000010000_759&quot;[8]</a:values>
            </a:facetOption>
            <a:facetOption>
                <a:labelExpr>=#&quot;_a-0000d9a9-eb56-8000-9e06-010000010000_759&quot;[9]</a:labelExpr>
                <a:facetOperator>IN</a:facetOperator>
                <a:lowerLimitExpr></a:lowerLimitExpr>
                <a:upperLimitExpr></a:upperLimitExpr>
                <a:values>=#&quot;_a-0000d9a9-eb56-8000-9e06-010000010000_759&quot;[9]</a:values>
            </a:facetOption>
            <a:facetOption>
                <a:labelExpr>=#&quot;_a-0000d9a9-eb56-8000-9e06-010000010000_759&quot;[10]</a:labelExpr>
                <a:facetOperator>IN</a:facetOperator>
                <a:lowerLimitExpr></a:lowerLimitExpr>
                <a:upperLimitExpr></a:upperLimitExpr>
                <a:values>=#&quot;_a-0000d9a9-eb56-8000-9e06-010000010000_759&quot;[10]</a:values>
            </a:facetOption>
            <a:facetOption>
                <a:labelExpr>=#&quot;_a-0000d9a9-eb56-8000-9e06-010000010000_759&quot;[11]</a:labelExpr>
                <a:facetOperator>IN</a:facetOperator>
                <a:lowerLimitExpr></a:lowerLimitExpr>
                <a:upperLimitExpr></a:upperLimitExpr>
                <a:values>=#&quot;_a-0000d9a9-eb56-8000-9e06-010000010000_759&quot;[11]</a:values>
            </a:facetOption>
            <a:facetOption>
                <a:labelExpr>=#&quot;_a-0000d9a9-eb56-8000-9e06-010000010000_759&quot;[12]</a:labelExpr>
                <a:facetOperator>IN</a:facetOperator>
                <a:lowerLimitExpr></a:lowerLimitExpr>
                <a:upperLimitExpr></a:upperLimitExpr>
                <a:values>=#&quot;_a-0000d9a9-eb56-8000-9e06-010000010000_759&quot;[12]</a:values>
            </a:facetOption>
            <a:facetOption>
                <a:labelExpr>=#&quot;_a-0000d9a9-eb56-8000-9e06-010000010000_759&quot;[13]</a:labelExpr>
                <a:facetOperator>IN</a:facetOperator>
                <a:lowerLimitExpr></a:lowerLimitExpr>
                <a:upperLimitExpr></a:upperLimitExpr>
                <a:values>=#&quot;_a-0000d9a9-eb56-8000-9e06-010000010000_759&quot;[13]</a:values>
            </a:facetOption>
            <a:facetOption>
                <a:labelExpr>=#&quot;_a-0000d9a9-eb56-8000-9e06-010000010000_759&quot;[14]</a:labelExpr>
                <a:facetOperator>IN</a:facetOperator>
                <a:lowerLimitExpr></a:lowerLimitExpr>
                <a:upperLimitExpr></a:upperLimitExpr>
                <a:values>=#&quot;_a-0000d9a9-eb56-8000-9e06-010000010000_759&quot;[14]</a:values>
            </a:facetOption>
            <a:facetOption>
                <a:labelExpr>=#&quot;_a-0000d9a9-eb56-8000-9e06-010000010000_759&quot;[15]</a:labelExpr>
                <a:facetOperator>IN</a:facetOperator>
                <a:lowerLimitExpr></a:lowerLimitExpr>
                <a:upperLimitExpr></a:upperLimitExpr>
                <a:values>=#&quot;_a-0000d9a9-eb56-8000-9e06-010000010000_759&quot;[15]</a:values>
            </a:facetOption>
            <a:facetOption>
                <a:labelExpr>=#&quot;_a-0000d9a9-eb56-8000-9e06-010000010000_759&quot;[16]</a:labelExpr>
                <a:facetOperator>IN</a:facetOperator>
                <a:lowerLimitExpr></a:lowerLimitExpr>
                <a:upperLimitExpr></a:upperLimitExpr>
                <a:values>=#&quot;_a-0000d9a9-eb56-8000-9e06-010000010000_759&quot;[16]</a:values>
            </a:facetOption>
            <a:facetOption>
                <a:labelExpr>=#&quot;_a-0000d9a9-eb56-8000-9e06-010000010000_759&quot;[17]</a:labelExpr>
                <a:facetOperator>IN</a:facetOperator>
                <a:lowerLimitExpr></a:lowerLimitExpr>
                <a:upperLimitExpr></a:upperLimitExpr>
                <a:values>=#&quot;_a-0000d9a9-eb56-8000-9e06-010000010000_759&quot;[17]</a:values>
            </a:facetOption>
            <a:facetOption>
                <a:labelExpr>=#&quot;_a-0000d9a9-eb56-8000-9e06-010000010000_759&quot;[18]</a:labelExpr>
                <a:facetOperator>IN</a:facetOperator>
                <a:lowerLimitExpr></a:lowerLimitExpr>
                <a:upperLimitExpr></a:upperLimitExpr>
                <a:values>=#&quot;_a-0000d9a9-eb56-8000-9e06-010000010000_759&quot;[18]</a:values>
            </a:facetOption>
            <a:facetOption>
                <a:labelExpr>=#&quot;_a-0000d9a9-eb56-8000-9e06-010000010000_759&quot;[19]</a:labelExpr>
                <a:facetOperator>IN</a:facetOperator>
                <a:lowerLimitExpr></a:lowerLimitExpr>
                <a:upperLimitExpr></a:upperLimitExpr>
                <a:values>=#&quot;_a-0000d9a9-eb56-8000-9e06-010000010000_759&quot;[19]</a:values>
            </a:facetOption>
            <a:facetOption>
                <a:labelExpr>=#&quot;_a-0000d9a9-eb56-8000-9e06-010000010000_759&quot;[20]</a:labelExpr>
                <a:facetOperator>IN</a:facetOperator>
                <a:lowerLimitExpr></a:lowerLimitExpr>
                <a:upperLimitExpr></a:upperLimitExpr>
                <a:values>=#&quot;_a-0000d9a9-eb56-8000-9e06-010000010000_759&quot;[20]</a:values>
            </a:facetOption>
            <a:facetOption>
                <a:labelExpr>=#&quot;_a-0000d9a9-eb56-8000-9e06-010000010000_759&quot;[21]</a:labelExpr>
                <a:facetOperator>IN</a:facetOperator>
                <a:lowerLimitExpr></a:lowerLimitExpr>
                <a:upperLimitExpr></a:upperLimitExpr>
                <a:values>=#&quot;_a-0000d9a9-eb56-8000-9e06-010000010000_759&quot;[21]</a:values>
            </a:facetOption>
            <a:facetOption>
                <a:labelExpr>=#&quot;_a-0000d9a9-eb56-8000-9e06-010000010000_759&quot;[22]</a:labelExpr>
                <a:facetOperator>IN</a:facetOperator>
                <a:lowerLimitExpr></a:lowerLimitExpr>
                <a:upperLimitExpr></a:upperLimitExpr>
                <a:values>=#&quot;_a-0000d9a9-eb56-8000-9e06-010000010000_759&quot;[22]</a:values>
            </a:facetOption>
            <a:facetOption>
                <a:labelExpr>=#&quot;_a-0000d9a9-eb56-8000-9e06-010000010000_759&quot;[23]</a:labelExpr>
                <a:facetOperator>IN</a:facetOperator>
                <a:lowerLimitExpr></a:lowerLimitExpr>
                <a:upperLimitExpr></a:upperLimitExpr>
                <a:values>=#&quot;_a-0000d9a9-eb56-8000-9e06-010000010000_759&quot;[23]</a:values>
            </a:facetOption>
            <a:facetOption>
                <a:labelExpr>=#&quot;_a-0000d9a9-eb56-8000-9e06-010000010000_759&quot;[24]</a:labelExpr>
                <a:facetOperator>IN</a:facetOperator>
                <a:lowerLimitExpr></a:lowerLimitExpr>
                <a:upperLimitExpr></a:upperLimitExpr>
                <a:values>=#&quot;_a-0000d9a9-eb56-8000-9e06-010000010000_759&quot;[24]</a:values>
            </a:facetOption>
            <a:facetOption>
                <a:labelExpr>=#&quot;_a-0000d9a9-eb56-8000-9e06-010000010000_759&quot;[25]</a:labelExpr>
                <a:facetOperator>IN</a:facetOperator>
                <a:lowerLimitExpr></a:lowerLimitExpr>
                <a:upperLimitExpr></a:upperLimitExpr>
                <a:values>=#&quot;_a-0000d9a9-eb56-8000-9e06-010000010000_759&quot;[25]</a:values>
            </a:facetOption>
            <a:facetOption>
                <a:labelExpr>=#&quot;_a-0000d9a9-eb56-8000-9e06-010000010000_759&quot;[26]</a:labelExpr>
                <a:facetOperator>IN</a:facetOperator>
                <a:lowerLimitExpr></a:lowerLimitExpr>
                <a:upperLimitExpr></a:upperLimitExpr>
                <a:values>=#&quot;_a-0000d9a9-eb56-8000-9e06-010000010000_759&quot;[26]</a:values>
            </a:facetOption>
            <a:facetOption>
                <a:labelExpr>=#&quot;_a-0000d9a9-eb56-8000-9e06-010000010000_759&quot;[27]</a:labelExpr>
                <a:facetOperator>IN</a:facetOperator>
                <a:lowerLimitExpr></a:lowerLimitExpr>
                <a:upperLimitExpr></a:upperLimitExpr>
                <a:values>=#&quot;_a-0000d9a9-eb56-8000-9e06-010000010000_759&quot;[27]</a:values>
            </a:facetOption>
            <a:sortOrderIndex>0</a:sortOrderIndex>
            <a:facetOrderIndex>0</a:facetOrderIndex>
        </a:fieldCfg>
        <a:detailViewCfg>
            <a:nameExpr>=&quot;Summary&quot;</a:nameExpr>
            <a:uiExpr>=#&quot;_a-0000d9a9-8a1d-8000-9e06-010000010000_721&quot;(cid:rp!id)</a:uiExpr>
            <a:visibilityExpr>=true()</a:visibilityExpr>
            <a:urlStub>summary</a:urlStub>
            <a:headerExpr></a:headerExpr>
            <a:relatedActionCfg>1c9230cb-5231-4816-954a-03375f335651</a:relatedActionCfg>
            <a:relatedActionCfg>6537c4cb-0744-40c5-99ec-28cfb2d996fe</a:relatedActionCfg>
            <a:relatedActionCfg>04a18498-bd69-4404-bc65-0a1a18d372eb</a:relatedActionCfg>
            <a:relatedActionCfg>8096d28f-db2c-4a57-a0d0-23fa8f430644</a:relatedActionCfg>
        </a:detailViewCfg>
        <a:detailViewCfg>
            <a:nameExpr>&quot;Financials&quot;</a:nameExpr>
            <a:uiExpr>#&quot;41cb3b7b-8bdf-4d84-b53d-26611aacdbb1&quot;(rp!id)</a:uiExpr>
            <a:visibilityExpr>=true()</a:visibilityExpr>
            <a:urlStub>_A1pPCw</a:urlStub>
            <a:headerExpr></a:headerExpr>
        </a:detailViewCfg>
        <a:detailViewCfg>
            <a:nameExpr>&quot;Orders&quot;</a:nameExpr>
            <a:uiExpr>=#&quot;f8b4aa69-38ee-44b4-9c22-74945c38e7ee&quot;()</a:uiExpr>
            <a:visibilityExpr>=true()</a:visibilityExpr>
            <a:urlStub>_Cs9g-Q</a:urlStub>
            <a:headerExpr></a:headerExpr>
        </a:detailViewCfg>
        <a:defaultFilter>
            <a:field>InactiveFlag</a:field>
            <a:operator>=</a:operator>
            <a:valueExpression>false()</a:valueExpression>
        </a:defaultFilter>
        <a:defaultSortInfo>
            <field>Name</field>
            <ascending>true</ascending>
        </a:defaultSortInfo>
        <a:relatedActionCfg>
            <a:target xmlns:xsi="http://www.w3.org/2001/XMLSchema-instance" xsi:type="a:ProcessModel" a:uuid="000bd9b9-131e-8000-9e06-010000010000"/>
            <a:contextExpr>={&#xD;
customerData: #&quot;_a-0000d9b9-6309-8000-9ba2-011c48011c48_2115&quot;(rp!id),&#xD;
preUpdateCustomerData:#&quot;_a-0000d9b9-6309-8000-9ba2-011c48011c48_2115&quot;(rp!id)&#xD;
}</a:contextExpr>
            <a:visibilityExpr>=true()</a:visibilityExpr>
            <a:refId>1c9230cb-5231-4816-954a-03375f335651</a:refId>
        </a:relatedActionCfg>
        <a:relatedActionCfg>
            <a:target xmlns:xsi="http://www.w3.org/2001/XMLSchema-instance" xsi:type="a:ProcessModel" a:uuid="0003daa1-7b50-8000-f92f-7f0000014e7a"/>
            <a:contextExpr>={
Order: 'type!{urn:com:appian:types:CASE_APP}CASE_APP_Order'(ShippingCost: #&quot;_a-0000d9c4-bcac-8000-9ba2-011c48011c48_6222&quot;(null) , TaxRate: #&quot;_a-0000d9c4-bcac-8000-9ba2-011c48011c48_6120&quot;),

Customer: {#&quot;_a-0000d9b9-6309-8000-9ba2-011c48011c48_2115&quot;(rp!id)}
}</a:contextExpr>
            <a:visibilityExpr>=rf!InactiveFlag=false()</a:visibilityExpr>
            <a:refId>6537c4cb-0744-40c5-99ec-28cfb2d996fe</a:refId>
        </a:relatedActionCfg>
        <a:relatedActionCfg>
            <a:target xmlns:xsi="http://www.w3.org/2001/XMLSchema-instance" xsi:type="a:ProcessModel" a:uuid="0002daa1-de16-8000-f92f-7f0000014e7a"/>
            <a:contextExpr>={
  serviceReqData:type!CASE_APP_ServiceRequest(relatedCustomer:rule!CASE_APP_getAllCustomerFieldsById(rf!id)),
caseDocs:={'type!{urn:com:appian:types:CASE_APP}CASE_APP_CaseDocument'()},
uploadedDocs:todocument(null),
forLabel:&quot; for Customer &quot;&amp;rf!Name
}</a:contextExpr>
            <a:visibilityExpr>=true()</a:visibilityExpr>
            <a:refId>04a18498-bd69-4404-bc65-0a1a18d372eb</a:refId>
        </a:relatedActionCfg>
        <a:relatedActionCfg>
            <a:target xmlns:xsi="http://www.w3.org/2001/XMLSchema-instance" xsi:type="a:ProcessModel" a:uuid="000ad9b9-22eb-8000-9e06-010000010000"/>
            <a:contextExpr>={&#xD;
customerData: #&quot;_a-0000d9b9-6309-8000-9ba2-011c48011c48_2115&quot;(rp!id)&#xD;
}</a:contextExpr>
            <a:visibilityExpr>=true()</a:visibilityExpr>
            <a:refId>8096d28f-db2c-4a57-a0d0-23fa8f430644</a:refId>
        </a:relatedActionCfg>
        <a:isSystem>false</a:isSystem>
        <a:dataSrcExpr></a:dataSrcExpr>
        <a:facetsListExpr></a:facetsListExpr>
        <a:defaultFiltersExpr></a:defaultFiltersExpr>
        <a:security>32767</a:security>
    </recordType>
    <roleMap>
        <role name="record_type_administrator">
            <users/>
            <groups>
                <groupUuid>_e-0000d9c4-bcae-8000-9aee-01075c01075c_17</groupUuid>
            </groups>
        </role>
        <role name="record_type_editor">
            <users/>
            <groups>
                <groupUuid>_e-0000da5f-caa8-8000-9aee-01075c01075c_16</groupUuid>
            </groups>
        </role>
        <role name="record_type_auditor">
            <users/>
            <groups>
                <groupUuid>_e-0000d9c4-bcae-8000-9aee-01075c01075c_17</groupUuid>
            </groups>
        </role>
    </roleMap>
</recordTypeHaul>
