<?xml version="1.0" encoding="UTF-8" standalone="yes"?>
<recordTypeHaul xmlns:a="http://www.appian.com/ae/types/2009">
    <recordType name="Customer Service Request" a:uuid="9938078a-b8f8-485c-a942-9c96192db48f">
        <a:pluralName>Customer Service Requests</a:pluralName>
        <a:description>Shows current and recently closed Customer Service Requests in the system.</a:description>
        <a:urlStub>QFhJXQ</a:urlStub>
        <a:source xmlns:xsi="http://www.w3.org/2001/XMLSchema-instance" xsi:type="a:ProcessModel" a:uuid="000ada67-7d6e-8000-f92f-7f0000014e7a"/>
        <a:listViewTemplateExpr>#&quot;_a-0000da5f-caaa-8000-9ba2-011c48011c48_2839&quot;()</a:listViewTemplateExpr>
        <a:fieldCfg name="By Status">
            <a:description></a:description>
            <a:sourceRef>serviceReqData.status</a:sourceRef>
            <a:isSortable>false</a:isSortable>
            <a:isSearchable>false</a:isSearchable>
            <a:isFacet>true</a:isFacet>
            <a:facetType>CUSTOM_BUCKETS_CLOSED</a:facetType>
            <a:isExclusiveFacet>true</a:isExclusiveFacet>
            <a:facetLabelExpr>=&quot;Status&quot;</a:facetLabelExpr>
            <a:facetOption>
                <a:labelExpr>#&quot;_a-0000da5f-caaa-8000-9ba2-011c48011c48_2630&quot;[1]</a:labelExpr>
                <a:facetOperator>IN</a:facetOperator>
                <a:lowerLimitExpr></a:lowerLimitExpr>
                <a:upperLimitExpr></a:upperLimitExpr>
                <a:values>#&quot;_a-0000da5f-caaa-8000-9ba2-011c48011c48_2630&quot;[1]</a:values>
            </a:facetOption>
            <a:facetOption>
                <a:labelExpr>#&quot;_a-0000da5f-caaa-8000-9ba2-011c48011c48_2630&quot;[2]</a:labelExpr>
                <a:facetOperator>IN</a:facetOperator>
                <a:lowerLimitExpr></a:lowerLimitExpr>
                <a:upperLimitExpr></a:upperLimitExpr>
                <a:values>#&quot;_a-0000da5f-caaa-8000-9ba2-011c48011c48_2630&quot;[2]</a:values>
            </a:facetOption>
            <a:facetOption>
                <a:labelExpr>#&quot;_a-0000da5f-caaa-8000-9ba2-011c48011c48_2630&quot;[3]</a:labelExpr>
                <a:facetOperator>IN</a:facetOperator>
                <a:lowerLimitExpr></a:lowerLimitExpr>
                <a:upperLimitExpr></a:upperLimitExpr>
                <a:values>#&quot;_a-0000da5f-caaa-8000-9ba2-011c48011c48_2630&quot;[3]</a:values>
            </a:facetOption>
            <a:facetOption>
                <a:labelExpr>#&quot;_a-0000da5f-caaa-8000-9ba2-011c48011c48_2630&quot;[4]</a:labelExpr>
                <a:facetOperator>IN</a:facetOperator>
                <a:lowerLimitExpr></a:lowerLimitExpr>
                <a:upperLimitExpr></a:upperLimitExpr>
                <a:values>#&quot;_a-0000da5f-caaa-8000-9ba2-011c48011c48_2630&quot;[4]</a:values>
            </a:facetOption>
            <a:facetOption>
                <a:labelExpr>#&quot;_a-0000da5f-caaa-8000-9ba2-011c48011c48_2630&quot;[5]</a:labelExpr>
                <a:facetOperator>IN</a:facetOperator>
                <a:lowerLimitExpr></a:lowerLimitExpr>
                <a:upperLimitExpr></a:upperLimitExpr>
                <a:values>#&quot;_a-0000da5f-caaa-8000-9ba2-011c48011c48_2630&quot;[5]</a:values>
            </a:facetOption>
            <a:sortOrderIndex>0</a:sortOrderIndex>
            <a:facetOrderIndex>0</a:facetOrderIndex>
        </a:fieldCfg>
        <a:detailViewCfg>
            <a:nameExpr>=&quot;Summary&quot;</a:nameExpr>
            <a:uiExpr>#&quot;d6288059-cb9d-47d5-9755-cc1f2c0884a4&quot;(  rf!currentMilestone,rf!serviceReqData, rf!uploadedDocs, rf!pp.id
)</a:uiExpr>
            <a:visibilityExpr>=true()</a:visibilityExpr>
            <a:urlStub>summary</a:urlStub>
            <a:headerExpr></a:headerExpr>
        </a:detailViewCfg>
        <a:detailViewCfg>
            <a:nameExpr>&quot;Case History&quot;</a:nameExpr>
            <a:uiExpr>=#&quot;fe81fcd1-3d51-4f39-88c7-4ad34c060ca1&quot;(#&quot;_a-0000da5f-caaa-8000-9ba2-011c48011c48_2773&quot;,rf!pp.id)</a:uiExpr>
            <a:visibilityExpr>=true()</a:visibilityExpr>
            <a:urlStub>_zJFWFw</a:urlStub>
            <a:headerExpr></a:headerExpr>
        </a:detailViewCfg>
        <a:defaultFilter>
            <a:field>isCancel</a:field>
            <a:operator>&lt;&gt;</a:operator>
            <a:valueExpression>true</a:valueExpression>
        </a:defaultFilter>
        <a:defaultSortInfo>
            <field>serviceReqData.requestDateTime</field>
            <ascending>false</ascending>
        </a:defaultSortInfo>
        <a:isSystem>false</a:isSystem>
        <a:dataSrcExpr></a:dataSrcExpr>
        <a:facetsListExpr></a:facetsListExpr>
        <a:defaultFiltersExpr></a:defaultFiltersExpr>
        <a:security>32767</a:security>
    </recordType>
    <roleMap>
        <role name="record_type_administrator">
            <users/>
            <groups>
                <groupUuid>_e-0000d9c4-bcae-8000-9aee-01075c01075c_17</groupUuid>
            </groups>
        </role>
        <role name="record_type_auditor">
            <users/>
            <groups>
                <groupUuid>_e-0000da5f-caa8-8000-9aee-01075c01075c_16</groupUuid>
            </groups>
        </role>
    </roleMap>
</recordTypeHaul>
