<?xml version="1.0" encoding="UTF-8" standalone="yes"?>
<recordTypeHaul xmlns:a="http://www.appian.com/ae/types/2009">
    <recordType name="Order" a:uuid="b3b9659c-890b-45b1-89e9-97158d2482dd">
        <a:pluralName>Orders</a:pluralName>
        <a:description>All purchase orders from customers</a:description>
        <a:urlStub>case-app-orders</a:urlStub>
        <a:source xmlns:xsi="http://www.w3.org/2001/XMLSchema-instance" xsi:type="a:DataStoreEntity" a:uuid="48ed0d32-7b82-4690-8012-cb445ee4ab0f@_a-0000da5f-b0b8-8000-9ba2-011c48011c48_12642"/>
        <a:listViewTemplateExpr>#&quot;_a-0000d9c4-bcac-8000-9ba2-011c48011c48_6155&quot;()</a:listViewTemplateExpr>
        <a:fieldCfg name="Status">
            <a:description></a:description>
            <a:sourceRef>Status</a:sourceRef>
            <a:isSortable>false</a:isSortable>
            <a:isSearchable>false</a:isSearchable>
            <a:isFacet>true</a:isFacet>
            <a:facetType>CUSTOM_BUCKETS_CLOSED</a:facetType>
            <a:isExclusiveFacet>true</a:isExclusiveFacet>
            <a:facetLabelExpr>&quot;Status&quot;</a:facetLabelExpr>
            <a:facetOption>
                <a:labelExpr>if(length(#&quot;_a-0000d9c4-bcac-8000-9ba2-011c48011c48_6146&quot;)&gt;=1, #&quot;_a-0000d9c4-bcac-8000-9ba2-011c48011c48_6146&quot;[1], null)
</a:labelExpr>
                <a:facetOperator>IN</a:facetOperator>
                <a:lowerLimitExpr></a:lowerLimitExpr>
                <a:upperLimitExpr></a:upperLimitExpr>
                <a:values>if(length(#&quot;_a-0000d9c4-bcac-8000-9ba2-011c48011c48_6146&quot;)&gt;=1, #&quot;_a-0000d9c4-bcac-8000-9ba2-011c48011c48_6146&quot;[1], null)
</a:values>
            </a:facetOption>
            <a:facetOption>
                <a:labelExpr>if(length(#&quot;_a-0000d9c4-bcac-8000-9ba2-011c48011c48_6146&quot;)&gt;=2, #&quot;_a-0000d9c4-bcac-8000-9ba2-011c48011c48_6146&quot;[2], null)
</a:labelExpr>
                <a:facetOperator>IN</a:facetOperator>
                <a:lowerLimitExpr></a:lowerLimitExpr>
                <a:upperLimitExpr></a:upperLimitExpr>
                <a:values>if(length(#&quot;_a-0000d9c4-bcac-8000-9ba2-011c48011c48_6146&quot;)&gt;=2, #&quot;_a-0000d9c4-bcac-8000-9ba2-011c48011c48_6146&quot;[2], null)
</a:values>
            </a:facetOption>
            <a:facetOption>
                <a:labelExpr>if(length(#&quot;_a-0000d9c4-bcac-8000-9ba2-011c48011c48_6146&quot;)&gt;=3, #&quot;_a-0000d9c4-bcac-8000-9ba2-011c48011c48_6146&quot;[3], null)
</a:labelExpr>
                <a:facetOperator>IN</a:facetOperator>
                <a:lowerLimitExpr></a:lowerLimitExpr>
                <a:upperLimitExpr></a:upperLimitExpr>
                <a:values>if(length(#&quot;_a-0000d9c4-bcac-8000-9ba2-011c48011c48_6146&quot;)&gt;=3, #&quot;_a-0000d9c4-bcac-8000-9ba2-011c48011c48_6146&quot;[3], null)
</a:values>
            </a:facetOption>
            <a:facetOption>
                <a:labelExpr>if(length(#&quot;_a-0000d9c4-bcac-8000-9ba2-011c48011c48_6146&quot;)&gt;=4, #&quot;_a-0000d9c4-bcac-8000-9ba2-011c48011c48_6146&quot;[4], null)
</a:labelExpr>
                <a:facetOperator>IN</a:facetOperator>
                <a:lowerLimitExpr></a:lowerLimitExpr>
                <a:upperLimitExpr></a:upperLimitExpr>
                <a:values>if(length(#&quot;_a-0000d9c4-bcac-8000-9ba2-011c48011c48_6146&quot;)&gt;=4, #&quot;_a-0000d9c4-bcac-8000-9ba2-011c48011c48_6146&quot;[4], null)
</a:values>
            </a:facetOption>
            <a:facetOption>
                <a:labelExpr>if(length(#&quot;_a-0000d9c4-bcac-8000-9ba2-011c48011c48_6146&quot;)&gt;=5, #&quot;_a-0000d9c4-bcac-8000-9ba2-011c48011c48_6146&quot;[5], null)
</a:labelExpr>
                <a:facetOperator>IN</a:facetOperator>
                <a:lowerLimitExpr></a:lowerLimitExpr>
                <a:upperLimitExpr></a:upperLimitExpr>
                <a:values>if(length(#&quot;_a-0000d9c4-bcac-8000-9ba2-011c48011c48_6146&quot;)&gt;=5, #&quot;_a-0000d9c4-bcac-8000-9ba2-011c48011c48_6146&quot;[5], null)
</a:values>
            </a:facetOption>
            <a:facetOption>
                <a:labelExpr>if(length(#&quot;_a-0000d9c4-bcac-8000-9ba2-011c48011c48_6146&quot;)&gt;=6, #&quot;_a-0000d9c4-bcac-8000-9ba2-011c48011c48_6146&quot;[6], null)
</a:labelExpr>
                <a:facetOperator>IN</a:facetOperator>
                <a:lowerLimitExpr></a:lowerLimitExpr>
                <a:upperLimitExpr></a:upperLimitExpr>
                <a:values>if(length(#&quot;_a-0000d9c4-bcac-8000-9ba2-011c48011c48_6146&quot;)&gt;=6, #&quot;_a-0000d9c4-bcac-8000-9ba2-011c48011c48_6146&quot;[6], null)
</a:values>
            </a:facetOption>
            <a:facetOption>
                <a:labelExpr>if(length(#&quot;_a-0000d9c4-bcac-8000-9ba2-011c48011c48_6146&quot;)&gt;=7, #&quot;_a-0000d9c4-bcac-8000-9ba2-011c48011c48_6146&quot;[7], null)
</a:labelExpr>
                <a:facetOperator>IN</a:facetOperator>
                <a:lowerLimitExpr></a:lowerLimitExpr>
                <a:upperLimitExpr></a:upperLimitExpr>
                <a:values>if(length(#&quot;_a-0000d9c4-bcac-8000-9ba2-011c48011c48_6146&quot;)&gt;=7, #&quot;_a-0000d9c4-bcac-8000-9ba2-011c48011c48_6146&quot;[7], null)
</a:values>
            </a:facetOption>
            <a:facetOption>
                <a:labelExpr>if(length(#&quot;_a-0000d9c4-bcac-8000-9ba2-011c48011c48_6146&quot;)&gt;=8, #&quot;_a-0000d9c4-bcac-8000-9ba2-011c48011c48_6146&quot;[8], null)
</a:labelExpr>
                <a:facetOperator>IN</a:facetOperator>
                <a:lowerLimitExpr></a:lowerLimitExpr>
                <a:upperLimitExpr></a:upperLimitExpr>
                <a:values>if(length(#&quot;_a-0000d9c4-bcac-8000-9ba2-011c48011c48_6146&quot;)&gt;=8, #&quot;_a-0000d9c4-bcac-8000-9ba2-011c48011c48_6146&quot;[8], null)
</a:values>
            </a:facetOption>
            <a:sortOrderIndex>0</a:sortOrderIndex>
            <a:facetOrderIndex>0</a:facetOrderIndex>
        </a:fieldCfg>
        <a:fieldCfg name="Order Total">
            <a:description></a:description>
            <a:sourceRef>Total</a:sourceRef>
            <a:isSortable>false</a:isSortable>
            <a:isSearchable>false</a:isSearchable>
            <a:isFacet>true</a:isFacet>
            <a:facetType>CUSTOM_BUCKETS_CLOSED</a:facetType>
            <a:isExclusiveFacet>true</a:isExclusiveFacet>
            <a:facetLabelExpr>&quot;Order Total&quot;</a:facetLabelExpr>
            <a:facetOption>
                <a:labelExpr>&quot;Under $100.00&quot;</a:labelExpr>
                <a:facetOperator>BETWEEN</a:facetOperator>
                <a:lowerLimitExpr>0.00</a:lowerLimitExpr>
                <a:upperLimitExpr>=99.99</a:upperLimitExpr>
            </a:facetOption>
            <a:facetOption>
                <a:labelExpr>=&quot;$100 to $500&quot;</a:labelExpr>
                <a:facetOperator>BETWEEN</a:facetOperator>
                <a:lowerLimitExpr>100.00</a:lowerLimitExpr>
                <a:upperLimitExpr>500.00</a:upperLimitExpr>
            </a:facetOption>
            <a:facetOption>
                <a:labelExpr>=&quot;$500 to $1000&quot;</a:labelExpr>
                <a:facetOperator>BETWEEN</a:facetOperator>
                <a:lowerLimitExpr>500.01</a:lowerLimitExpr>
                <a:upperLimitExpr>1000</a:upperLimitExpr>
            </a:facetOption>
            <a:facetOption>
                <a:labelExpr>&quot;$1000 to $2500&quot;</a:labelExpr>
                <a:facetOperator>BETWEEN</a:facetOperator>
                <a:lowerLimitExpr>1000.01</a:lowerLimitExpr>
                <a:upperLimitExpr>2500</a:upperLimitExpr>
            </a:facetOption>
            <a:facetOption>
                <a:labelExpr>&quot;$2,500 to $5,000&quot;</a:labelExpr>
                <a:facetOperator>BETWEEN</a:facetOperator>
                <a:lowerLimitExpr>2500.01</a:lowerLimitExpr>
                <a:upperLimitExpr>5000</a:upperLimitExpr>
            </a:facetOption>
            <a:facetOption>
                <a:labelExpr>&quot;$5,000 to $10,000&quot;</a:labelExpr>
                <a:facetOperator>BETWEEN</a:facetOperator>
                <a:lowerLimitExpr>5000.01</a:lowerLimitExpr>
                <a:upperLimitExpr>10000</a:upperLimitExpr>
            </a:facetOption>
            <a:facetOption>
                <a:labelExpr>&quot;Over $10,000&quot;</a:labelExpr>
                <a:facetOperator>BETWEEN</a:facetOperator>
                <a:lowerLimitExpr>10000.01</a:lowerLimitExpr>
                <a:upperLimitExpr>999999999</a:upperLimitExpr>
            </a:facetOption>
            <a:sortOrderIndex>1</a:sortOrderIndex>
            <a:facetOrderIndex>1</a:facetOrderIndex>
        </a:fieldCfg>
        <a:detailViewCfg>
            <a:nameExpr>=&quot;Summary&quot;</a:nameExpr>
            <a:uiExpr>=#&quot;935890c1-8959-41d5-98ba-38c21bef652a&quot;()</a:uiExpr>
            <a:visibilityExpr>=true()</a:visibilityExpr>
            <a:urlStub>summary</a:urlStub>
            <a:headerExpr></a:headerExpr>
            <a:relatedActionCfg>30e78021-8275-41b0-835b-d1136612ead5</a:relatedActionCfg>
            <a:relatedActionCfg>747ff944-c1f3-4f3c-ae7a-929bd437323a</a:relatedActionCfg>
        </a:detailViewCfg>
        <a:defaultSortInfo>
            <field>OrderDateTime</field>
            <ascending>false</ascending>
        </a:defaultSortInfo>
        <a:relatedActionCfg>
            <a:target xmlns:xsi="http://www.w3.org/2001/XMLSchema-instance" xsi:type="a:ProcessModel" a:uuid="0002d9d9-0c43-8000-f92f-7f0000014e7a"/>
            <a:contextExpr>={&#xD;
Order: #&quot;_a-0000d9c4-bcac-8000-9ba2-011c48011c48_6306&quot;(rp!id)&#xD;
}</a:contextExpr>
            <a:visibilityExpr>=true()</a:visibilityExpr>
            <a:refId>30e78021-8275-41b0-835b-d1136612ead5</a:refId>
        </a:relatedActionCfg>
        <a:relatedActionCfg>
            <a:target xmlns:xsi="http://www.w3.org/2001/XMLSchema-instance" xsi:type="a:ProcessModel" a:uuid="0002daa1-de16-8000-f92f-7f0000014e7a"/>
            <a:contextExpr>{
  serviceReqData:type!CASE_APP_ServiceRequest(
    type:&quot;I need help with an Order&quot;,
    relatedCustomer:#&quot;_a-0000d9b9-6309-8000-9ba2-011c48011c48_2115&quot;(rf!Customer.id),
    relatedOrder:#&quot;_a-0000d9c4-bcac-8000-9ba2-011c48011c48_6306&quot;(rf!id)
  ),
  isCancel:false(),
  forLabel:&quot; for Order &quot;&amp;rf!OrderNum
}</a:contextExpr>
            <a:visibilityExpr>=true()</a:visibilityExpr>
            <a:refId>747ff944-c1f3-4f3c-ae7a-929bd437323a</a:refId>
        </a:relatedActionCfg>
        <a:isSystem>false</a:isSystem>
        <a:dataSrcExpr></a:dataSrcExpr>
        <a:facetsListExpr></a:facetsListExpr>
        <a:defaultFiltersExpr></a:defaultFiltersExpr>
        <a:security>32767</a:security>
    </recordType>
    <roleMap>
        <role name="record_type_administrator">
            <users/>
            <groups>
                <groupUuid>_e-0000d9c4-bcae-8000-9aee-01075c01075c_17</groupUuid>
            </groups>
        </role>
        <role name="record_type_editor">
            <users/>
            <groups>
                <groupUuid>_e-0000da5f-caa8-8000-9aee-01075c01075c_16</groupUuid>
            </groups>
        </role>
    </roleMap>
</recordTypeHaul>
