<?xml version="1.0" encoding="UTF-8" standalone="yes"?>
<recordTypeHaul xmlns:a="http://www.appian.com/ae/types/2009">
    <recordType name="User" a:uuid="SYSTEM_RECORD_TYPE_USER">
        <a:pluralName>Users</a:pluralName>
        <a:description>Directory of users</a:description>
        <a:urlStub>U1TzGg</a:urlStub>
        <a:source xmlns:xsi="http://www.w3.org/2001/XMLSchema-instance" xsi:type="a:Datatype" a:uuid="{http://www.appian.com/ae/types/2009}UserProfile"/>
        <a:listViewTemplateExpr>#&quot;SYSTEM_SYSRULES_userRecordListViewItem&quot;()</a:listViewTemplateExpr>
        <a:detailViewCfg>
            <a:nameExpr>=&quot;Summary&quot;</a:nameExpr>
            <a:uiExpr>#&quot;SYSTEM_SYSRULES_userRecordSummaryDashboard&quot;()</a:uiExpr>
            <a:visibilityExpr>=true()</a:visibilityExpr>
            <a:urlStub>summary</a:urlStub>
            <a:headerExpr>#&quot;SYSTEM_SYSRULES_userRecordHeader&quot;()</a:headerExpr>
        </a:detailViewCfg>
        <a:detailViewCfg>
            <a:nameExpr>&quot;About&quot;</a:nameExpr>
            <a:uiExpr>#&quot;_a-0000db86-d3ef-8000-0315-010000010000_3994&quot;()</a:uiExpr>
            <a:visibilityExpr>=true()</a:visibilityExpr>
            <a:urlStub>_Xn7xDA</a:urlStub>
            <a:headerExpr></a:headerExpr>
        </a:detailViewCfg>
        <a:defaultSortInfo>
            <field>lastName</field>
            <ascending>true</ascending>
        </a:defaultSortInfo>
        <a:isSystem>true</a:isSystem>
        <a:dataSrcExpr>fn!queryuserrecord_appian_internal(rsp!query)</a:dataSrcExpr>
        <a:facetsListExpr>#&quot;SYSTEM_SYSRULES_userRecordFacets&quot;()</a:facetsListExpr>
        <a:defaultFiltersExpr></a:defaultFiltersExpr>
        <a:security>32767</a:security>
    </recordType>
    <roleMap/>
</recordTypeHaul>
