<?xml version="1.0" encoding="UTF-8" standalone="yes"?>
<tempoFeedHaul xmlns:a="http://www.appian.com/ae/types/2009">
    <tempoFeed>
        <uuid>5bc30f15-5250-46a6-92ed-d5e77e26e1f2</uuid>
        <name>CASE_APP New Customer</name>
        <description>This is the new customer feed for CASE_APP</description>
        <showInCatalog>true</showInCatalog>
        <systemFeed>false</systemFeed>
    </tempoFeed>
    <roleMap>
        <role name="administrator">
            <users/>
            <groups>
                <groupUuid>_e-0000d9c4-bcae-8000-9aee-01075c01075c_17</groupUuid>
            </groups>
        </role>
    </roleMap>
</tempoFeedHaul>
