<?xml version="1.0" encoding="UTF-8" standalone="yes"?>
<tempoReportHaul xmlns:a="http://www.appian.com/ae/types/2009">
    <tempoReport name="Customers Dashboard" a:uuid="a7e21e89-d346-4041-acae-a5f7bb9b6873">
        <a:description>An overview of all customers</a:description>
        <a:uiExpr>=#&quot;cbef1a08-6e52-45a6-85c3-49b6fca3bc47&quot;()</a:uiExpr>
        <a:urlStub>Oydp6g</a:urlStub>
    </tempoReport>
    <roleMap>
        <role name="report_administrator">
            <users/>
            <groups>
                <groupUuid>_e-0000d9c4-bcae-8000-9aee-01075c01075c_17</groupUuid>
            </groups>
        </role>
        <role name="report_viewer">
            <users/>
            <groups>
                <groupUuid>_e-0000d9c4-bcae-8000-9aee-01075c01075c_16</groupUuid>
            </groups>
        </role>
        <role name="report_auditor">
            <users/>
            <groups>
                <groupUuid>_e-0000d9c4-bcae-8000-9aee-01075c01075c_17</groupUuid>
            </groups>
        </role>
        <role name="report_editor">
            <users/>
            <groups>
                <groupUuid>_e-0000da5f-caa8-8000-9aee-01075c01075c_16</groupUuid>
            </groups>
        </role>
    </roleMap>
</tempoReportHaul>
