<?xml version="1.0" encoding="UTF-8" standalone="yes"?>
<tempoReportHaul xmlns:a="http://www.appian.com/ae/types/2009">
    <tempoReport name="Customer Service Requests Dashboard" a:uuid="cefecdce-51a5-4a40-a6e8-f694ec93d444">
        <a:description>Displays details on Customer Service Request Cases</a:description>
        <a:uiExpr>=#&quot;e41001cc-b64b-4c8e-892a-868900a979aa&quot;()</a:uiExpr>
        <a:urlStub>nzN62A</a:urlStub>
    </tempoReport>
    <roleMap>
        <role name="report_administrator">
            <users/>
            <groups>
                <groupUuid>_e-0000d9c4-bcae-8000-9aee-01075c01075c_17</groupUuid>
            </groups>
        </role>
        <role name="report_viewer">
            <users/>
            <groups>
                <groupUuid>_e-0000da89-b5e6-8000-9aee-01075c01075c_19</groupUuid>
            </groups>
        </role>
        <role name="report_auditor">
            <users/>
            <groups>
                <groupUuid>_e-0000da5f-caa8-8000-9aee-01075c01075c_16</groupUuid>
            </groups>
        </role>
        <role name="report_editor">
            <users/>
            <groups>
                <groupUuid>_e-0000da5f-caa8-8000-9aee-01075c01075c_16</groupUuid>
            </groups>
        </role>
    </roleMap>
</tempoReportHaul>
